sbm_type,block_id,vertex_name,in_degree,out_degree,betweenness,pagerank
flat_exponential,12,"Slovenia, Republic of",54.60242396101866,46.65887931417764,0.0,0.11304880241175586
flat_exponential,12,"Latvia, Republic of",43.30596850566261,45.390536926793885,0.041666666666666664,0.09322847461786915
flat_exponential,12,"Croatia, Republic of",44.77934698874444,46.25838120228685,0.0,0.09747952322653018
flat_exponential,12,Ukraine,47.021798223921216,51.88932425438021,0.0,0.10050026597036019
flat_exponential,12,"Estonia, Republic of",40.177542685366255,43.372440906919756,0.0,0.08760962397260486
flat_exponential,12,Slovak Republic,56.83508802114637,52.40886830491657,0.0,0.11787608218044499
flat_exponential,12,Romania,52.7399504320191,55.809898991410776,0.0,0.11167069207564828
flat_exponential,12,"Lithuania, Republic of",51.584946374923334,51.18152723055548,0.0,0.10812434873060867
flat_exponential,12,Luxembourg,30.59637274289122,28.536434947726896,0.3055555555555555,0.07051486350593568
flat_exponential,12,"Serbia, Republic of",46.41010771537849,46.54725357190362,0.013888888888888888,0.09994732330824233
flat_exponential,13,Uruguay,26.469502462641934,26.038196160309745,0.07142857142857142,0.10151955359914595
flat_exponential,13,Chile,41.45471477063295,45.028487764329476,0.0,0.14921614326785698
flat_exponential,13,New Zealand,21.955455082742244,21.9636095651452,0.30952380952380953,0.08423653437204016
flat_exponential,13,Argentina,47.55646805502116,34.38534847856769,0.0,0.16002036927069474
flat_exponential,13,Guatemala,23.756095667554884,33.45358055132887,0.023809523809523808,0.09240027709155825
flat_exponential,13,Colombia,39.71306556514099,37.316362523303866,0.0,0.13960756008221586
flat_exponential,13,Peru,37.82767890450948,42.36860108155122,0.0,0.13702687823835305
flat_exponential,13,Ecuador,38.323325872296365,36.50212025600394,0.0,0.13597268407813506
flat_exponential,18,Saudi Arabia,39.697435150123454,30.390231877542817,0.0,0.1842777340071443
flat_exponential,18,Pakistan,26.333960787555817,29.328240838095464,0.0,0.13473110923525797
flat_exponential,18,Israel,15.966150669588737,14.444012938458831,0.0,0.09218740048359285
flat_exponential,18,Morocco,28.26411514021443,29.68599159785844,0.13333333333333333,0.14438750023747907
flat_exponential,18,South Africa,31.293168898821342,31.287626743466816,0.0,0.15985947674058226
flat_exponential,18,Bangladesh,20.32468472009397,30.186252098677343,0.0,0.11305739345513634
flat_exponential,18,"Egypt, Arab Republic of",33.98465671185761,30.541815984155658,0.06666666666666667,0.1714993858408072
flat_exponential,21,Montenegro,13.493454435965237,18.654309015972654,0.4,0.14327245057035332
flat_exponential,21,"North Macedonia, Republic of",21.655920813501996,18.805966739075746,0.0,0.21801082644780403
flat_exponential,21,"Kosovo, Republic of",16.517438797695018,19.61972126454661,0.0,0.17162627044926881
flat_exponential,21,Iceland,0.30370689725285743,0.42695548258329113,0.8,0.024612594224339493
flat_exponential,21,"Moldova, Republic of",4.875245779795931,5.43807729135912,0.26666666666666666,0.06719176999985385
flat_exponential,21,Bosnia and Herzegovina,19.651242544815254,16.725901736442793,0.0,0.18514034003559168
flat_exponential,21,Albania,20.21544308720078,17.041520826246863,0.0,0.19014574827278885
flat_exponential,31,"Curaçao, Kingdom of the Netherlands",0.6698700493569083,0.41191656774840296,0.26666666666666666,0.1677748503103271
flat_exponential,31,Central African Republic,0.0,0.0,0.0,0.024390243902439025
flat_exponential,31,"Bahamas, The",0.01914360359952386,0.7907907314420134,0.0,0.033729147213069355
flat_exponential,31,Haiti,0.33892613692044493,0.08865618103376614,0.26666666666666666,0.06584172766160645
flat_exponential,31,"Macao Special Administrative Region, People's Republic of China",0.0,0.033614643854901774,0.0,0.024390243902439025
flat_exponential,31,Suriname,0.5381925018367599,1.229892817610731,0.0,0.3983775230688148
flat_exponential,31,Belize,1.147629652877066,0.15889100290088765,0.2,0.2854962639413038
flat_exponential,34,Bolivia,0.04900728345447694,0.0017644424554794692,0.15000000000000002,0.0254555630662007
flat_exponential,34,"Fiji, Republic of",4.4483314861103445,1.7094407010706858,0.0,0.40843317743787977
flat_exponential,34,Papua New Guinea,2.006963019183809,2.503884836018832,0.15000000000000002,0.42983238657431905
flat_exponential,34,Brunei Darussalam,2.4999687505208236e-05,0.005003461782320832,0.25,0.06464164431533001
flat_exponential,34,Lao People's Democratic Republic,0.0017644424554794692,2.4999687505208236e-05,0.25,0.0466372286062706
flat_exponential,34,French Polynesia,0.0,2.285972789876792,0.0,0.025
flat_exponential,37,Djibouti,15.588710121265985,8.738694889244066,0.4444444444444445,0.0598628422379507
flat_exponential,37,Sudan,4.764129522543922,16.480466487403223,0.18888888888888888,0.026285447726071182
flat_exponential,37,"Mozambique, Republic of",11.938504593063946,21.92727973225941,0.0,0.06030924858979518
flat_exponential,37,"Madagascar, Republic of",9.854068575334471,7.998710257581352,0.41111111111111115,0.046272543183126146
flat_exponential,37,Kenya,38.27619010150803,27.802671874168936,0.16666666666666669,0.15078554996978413
flat_exponential,37,Namibia,18.01772686783349,9.976560781771806,0.6888888888888889,0.07408114224012505
flat_exponential,37,"Tanzania, United Republic of",30.207298923424354,26.81180716573178,0.0,0.1300269487888814
flat_exponential,37,Uganda,29.227962632779313,21.081601244432257,0.0,0.11267455607539825
flat_exponential,37,"Congo, Democratic Republic of the",29.0704713968327,35.13568741648297,0.0,0.125567359663405
flat_exponential,37,Zambia,29.34864751302053,29.169055267873865,0.0,0.13354076338000467
flat_exponential,37,"Ethiopia, The Federal Democratic Republic of",16.74845829872082,27.919633429377896,0.0,0.08059359814545827
flat_exponential,48,Faroe Islands,2.6752292906705413,1.7504318727692694,0.3571428571428571,0.26008037421447294
flat_exponential,48,Greenland,2.6480285987710324,2.354887273285021,0.0,0.2678747023093373
flat_exponential,48,"Armenia, Republic of",7.646548293407613,3.28423907203809,0.26190476190476186,0.13511214666481036
flat_exponential,48,Turkmenistan,5.392122405002611,4.683992327874226,0.0,0.10638302618961902
flat_exponential,48,Mongolia,2.2267042372295425,1.4186273640436715,0.47619047619047616,0.04477705858203879
flat_exponential,48,Kyrgyz Republic,3.8568659239018745,10.533345405286454,0.14285714285714285,0.1079986821687962
flat_exponential,48,"Tajikistan, Republic of",0.6872084014261559,1.682667684717702,0.47619047619047616,0.0304034730962476
flat_exponential,48,"San Marino, Republic of",0.5754838496050645,0.0,0.0,0.04737053677467774
flat_exponential,49,"Netherlands, The",123.20986097629513,121.26867077290453,0.0,0.07908703905219738
flat_exponential,49,France,122.65530879047816,124.0748200214554,0.0,0.07894159200627646
flat_exponential,49,Italy,121.70708341299547,120.57693219714375,0.0,0.07828360722553367
flat_exponential,49,United Kingdom,118.6381947194904,122.7740162505002,0.0,0.07681483639379733
flat_exponential,49,"Türkiye, Republic of",106.51399922444315,114.00653575351552,0.0,0.07010961610650256
flat_exponential,49,India,111.51815750468809,110.7013783740291,0.0,0.07256390912389588
flat_exponential,49,Spain,113.81985281741372,116.15582432890294,0.0,0.07402827259947531
flat_exponential,49,Germany,132.4594744732654,129.27960640849588,0.0,0.08420659808003138
flat_exponential,49,Belgium,118.72899524810185,117.85659714535115,0.0,0.07661206515263097
flat_exponential,49,"China, People's Republic of",131.65989479049603,120.9962140024008,0.0,0.08329376826968242
flat_exponential,49,United Arab Emirates,102.92957867167522,110.11506228477646,0.0,0.06828924602361454
flat_exponential,49,Switzerland,117.65993266084489,111.49322531822791,0.0,0.07583498127736611
flat_exponential,49,United States,127.92184212106335,130.1232925535473,0.0,0.08193446868899609
flat_exponential,56,Lebanon,24.253876433089335,23.828322100928727,0.047619047619047616,0.11287931235298235
flat_exponential,56,Algeria,21.128341647909984,31.00578744549263,0.16666666666666666,0.0966299793779333
flat_exponential,56,Tunisia,20.21585358158418,24.86536643685929,0.19047619047619047,0.0941027440494778
flat_exponential,56,Jordan,31.154536627513703,28.720812326723433,0.0,0.1398664127894041
flat_exponential,56,"Bahrain, Kingdom of",32.32509643049906,20.43884170337938,0.0,0.13631957427733232
flat_exponential,56,Oman,31.48039844876178,27.821939300619064,0.047619047619047616,0.1415996392454713
flat_exponential,56,Kuwait,27.53239404357515,33.81483441675959,0.023809523809523808,0.13319881188662328
flat_exponential,56,Qatar,33.108471340096564,30.703064822267635,0.0,0.14540352602077566
flat_exponential,58,"Micronesia, Federated States of",0.0,0.006300112548479854,0.0,0.02552105487026798
flat_exponential,58,Bhutan,0.0,0.0,0.0,0.02552105487026798
flat_exponential,58,Tonga,0.0,0.0515482618805766,0.0,0.02552105487026798
flat_exponential,58,"Eritrea, The State of",0.0,0.0,0.0,0.02552105487026798
flat_exponential,58,Vanuatu,0.31298571783578166,0.021522715722962372,0.0,0.26200960600729994
flat_exponential,58,Samoa,0.0515482618805766,0.0,0.0,0.047213951509995765
flat_exponential,58,Kiribati,0.027240338918205334,0.39904271389455603,0.05555555555555555,0.2525498161870402
flat_exponential,58,Solomon Islands,1.0431369786349733,0.3187033410310246,0.08333333333333333,0.2833043775475432
flat_exponential,58,"Nauru, Republic of",0.0033384212653994327,0.641132573457337,0.0,0.027316974396781254
flat_exponential,58,Holy See,0.0,0.0,0.0,0.02552105487026798
flat_exponential,65,Burundi,1.916056248629721,4.7995001261358,0.23809523809523808,0.029230501272730205
flat_exponential,65,"Comoros, Union of the",0.020335231805841514,0.06491376322545199,0.3571428571428571,0.020870852837608818
flat_exponential,65,Zimbabwe,6.414518970328645,12.453906541881267,0.26190476190476186,0.11231875476277177
flat_exponential,65,Malawi,8.491690508413056,4.04516006235713,0.2857142857142857,0.08937396794582572
flat_exponential,65,Rwanda,3.3759593716782788,6.694968980375137,0.0,0.042796212018455224
flat_exponential,65,"Lesotho, Kingdom of",3.3308773599431047,1.9678771148612824,0.2857142857142857,0.255991790265734
flat_exponential,65,"Eswatini, Kingdom of",12.355817265844784,2.4786970671824453,0.6904761904761905,0.30638566224357405
flat_exponential,65,Botswana,5.192801232299992,8.593032532924912,0.0,0.14303225865329977
flat_exponential,84,Mauritius,0.7875635066029871,11.032588842428414,0.5181818181818182,0.014709448213511743
flat_exponential,84,Angola,24.328551576672915,25.501640050949224,0.0,0.08001997349988176
flat_exponential,84,"Congo, Republic of",19.360999274484573,29.111266891893496,0.1909090909090909,0.07127052339534375
flat_exponential,84,Côte d'Ivoire,43.03883995338049,38.75938323772404,0.03636363636363636,0.13543615669453984
flat_exponential,84,Burkina Faso,17.495991688531912,23.156818441321093,0.36363636363636365,0.057878591642867044
flat_exponential,84,Gabon,35.30524143379968,19.50196460514941,0.0,0.12336526571218463
flat_exponential,84,Ghana,30.56343971631667,30.140384730176965,0.0,0.10116561343694795
flat_exponential,84,Senegal,30.85399979987404,32.645449555387444,0.21818181818181817,0.10672897381330189
flat_exponential,84,"Mauritania, Islamic Republic of",17.476303362681968,15.631505479321515,0.22727272727272727,0.061883788469522756
flat_exponential,84,"Korea, Democratic People's Republic of",9.596454362826277,3.875845949183061,0.32727272727272727,0.04088464944605268
flat_exponential,84,Cameroon,22.989359672781532,30.14164338790114,0.08181818181818182,0.08550227342553017
flat_exponential,84,Nigeria,35.78975977576904,28.08801295228629,0.14545454545454545,0.12115474225031578
flat_exponential,86,Maldives,0.0,0.2602530306255146,0.0,0.06407271360095475
flat_exponential,86,Gibraltar,0.0,0.0,0.0,0.06407271360095475
flat_exponential,86,Nepal,0.28771925738181325,0.0002139771052662571,0.07142857142857142,0.18991339373506
flat_exponential,86,Chad,0.17592552858593116,0.0,0.0,0.1483019326896923
flat_exponential,86,"Marshall Islands, Republic of the",0.0002139771052662571,0.0,0.0,0.22549924266501195
flat_exponential,86,"South Sudan, Republic of",0.0,0.0,0.0,0.06407271360095475
flat_exponential,86,"Yemen, Republic of",0.0,0.7323340417037154,0.0,0.06407271360095475
flat_exponential,86,New Caledonia,0.0,0.08431541280847486,0.0,0.06407271360095475
flat_exponential,86,West Bank and Gaza,0.6972024468414271,0.08394474767146665,0.03571428571428571,0.11592186290546153
flat_exponential,113,Antigua and Barbuda,4.0483047594713195,9.412752940629051,0.0,0.10212700316365293
flat_exponential,113,"Aruba, Kingdom of the Netherlands",0.3870288068157519,1.9571955781427985,0.6666666666666666,0.027508360024464662
flat_exponential,113,Dominica,3.8492016483976164,6.719942159796415,0.0,0.09084546772833436
flat_exponential,113,St. Lucia,7.854115388676447,7.91411639746696,0.3333333333333333,0.17046036159391015
flat_exponential,113,"Sint Maarten, Kingdom of the Netherlands",4.0888136891766464,2.787792059982777,0.3571428571428571,0.0762367718056632
flat_exponential,113,Barbados,13.430800700299393,5.856088276265902,0.0,0.24131298376572385
flat_exponential,113,St. Vincent and the Grenadines,8.659465494633393,6.48246517548205,0.09523809523809523,0.18712802561352
flat_exponential,113,Grenada,4.200295013890578,5.387672913595191,0.26190476190476186,0.10438102630473084
flat_exponential,128,Cambodia,0.0,1.6567615717159443,0.0,0.0125
flat_exponential,128,Cuba,13.95434151993185,28.394081678178072,0.16363636363636364,0.05263319117493892
flat_exponential,128,Jamaica,18.226367604139135,30.33764255094413,0.06363636363636363,0.05840479262270722
flat_exponential,128,Trinidad and Tobago,27.551247321214966,24.734155576383714,0.15454545454545454,0.07563647013442171
flat_exponential,128,El Salvador,40.02203355683574,23.39893225163913,0.05454545454545454,0.12136835415391115
flat_exponential,128,Panama,23.797413578978745,40.58272343267373,0.0,0.08486949394451308
flat_exponential,128,Costa Rica,49.1373046805884,31.78432063123738,0.0,0.14450700769185432
flat_exponential,128,Honduras,33.82615736490283,29.18674462802506,0.14545454545454545,0.11400899222286207
flat_exponential,128,Nicaragua,23.780732940137533,26.516089832640997,0.21818181818181817,0.08900908005729595
flat_exponential,128,Dominican Republic,38.118840426135336,37.275836266921935,0.0,0.11553104970439938
flat_exponential,128,"Venezuela, República Bolivariana de",23.69699899556411,19.94337789500669,0.32727272727272727,0.06358082014535549
flat_exponential,128,Guyana,25.416692045827034,23.717463718888876,0.05454545454545454,0.06795074814774067
flat_exponential,133,Czech Republic,37.888782937254845,35.70680236145762,0.0,0.19221182757060606
flat_exponential,133,Bulgaria,27.76315261043689,30.00895930302517,0.0,0.14955787975080476
flat_exponential,133,Portugal,30.05698333143901,31.517658426816514,0.0,0.15924892989124678
flat_exponential,133,Finland,28.067097197270503,29.650883619249825,0.0,0.15025015968332284
flat_exponential,133,Ireland,31.6966441887332,31.03000074697698,0.0,0.1651045248238618
flat_exponential,133,Hungary,36.074223677195434,33.63257948480377,0.0,0.18362667828015744
flat_exponential,142,Tuvalu,0.0,0.0,0.0,0.027975234344543513
flat_exponential,142,American Samoa,0.004629268383662241,0.0,0.0,0.0917625409425931
flat_exponential,142,Bermuda,0.27354411092908393,0.004629268383662241,0.10714285714285714,0.0750438900280566
flat_exponential,142,"Anguilla, United Kingdom-British Overseas Territory",0.5825865007884964,0.4600168089194505,0.0,0.09870917641001703
flat_exponential,142,"Palau, Republic of",0.003424130966693796,2.6601598620886664,0.21428571428571427,0.25917864826765075
flat_exponential,142,St. Kitts and Nevis,0.3968463918829306,0.7099142818745423,0.17857142857142855,0.10140384719442674
flat_exponential,142,"Montserrat, United Kingdom-British Overseas Territory",0.12467324479666117,0.2077311570872016,0.2857142857142857,0.04588173393948255
flat_exponential,142,"Timor-Leste, Democratic Republic of",0.0007996801705643322,0.018328681787683255,0.25,0.028041459931866696
flat_exponential,142,Guam,2.6777008631898074,0.003424130966693796,0.17857142857142855,0.2720034689413627
flat_exponential,145,Cyprus,13.81968379363446,10.258474043576664,0.36666666666666664,0.1603025342057409
flat_exponential,145,Malta,9.103071893959887,10.271837691672038,0.43333333333333335,0.13984459274870462
flat_exponential,145,Myanmar,5.754648536506752,9.161685243919507,0.23333333333333334,0.11359350293886081
flat_exponential,145,Paraguay,8.079565855197913,2.6989247364405573,0.7333333333333333,0.10950368336551586
flat_exponential,145,Sri Lanka,11.53176041539899,5.592895300754321,0.0,0.1517085694111115
flat_exponential,145,Libya,5.521644859343975,15.45567933468035,0.0,0.08904543940058714
flat_exponential,145,Philippines,13.574696929845764,13.94557593284431,0.0,0.23600167792947901
flat_exponential,160,"Hong Kong Special Administrative Region, People's Republic of China",104.15115327791312,98.56776607678076,0.0,0.08168155406724206
flat_exponential,160,Brazil,98.48593425468465,84.68386424323062,0.0,0.07822257409576575
flat_exponential,160,Vietnam,105.42929584147491,97.1069491851139,0.0,0.08322787224627906
flat_exponential,160,Australia,105.68637896130231,93.97962472600892,0.0,0.08270265817261115
flat_exponential,160,Thailand,106.2836369268349,94.98507296348001,0.0,0.08374112664492506
flat_exponential,160,Indonesia,102.62764458819039,93.78533356475637,0.0,0.08103597790606719
flat_exponential,160,Canada,92.38082530572783,89.02107570613367,0.0,0.0744638524033597
flat_exponential,160,Malaysia,108.65704436089632,95.33869726557484,0.0,0.08496151499663947
flat_exponential,160,Taiwan Province of China,0.0,106.10214864727025,0.0,0.01153846153846154
flat_exponential,160,Mexico,85.27470843459406,92.25197229608162,0.0,0.07038254687498238
flat_exponential,160,Singapore,113.45750127715203,99.04686360619533,0.0,0.08804193879949164
flat_exponential,160,"Korea, Republic of",114.90417621271472,103.34295693916677,0.0,0.0891670561910457
flat_exponential,160,Japan,117.66684814602245,106.79282236771463,0.0,0.09083286606312936
flat_exponential,184,"Poland, Republic of",50.74925065088132,50.49577095526318,0.0,0.16242347118344558
flat_exponential,184,Denmark,45.55749000575146,46.19272501253084,0.0,0.1483971156290964
flat_exponential,184,Russian Federation,37.714734557261565,37.49072008196697,0.06666666666666667,0.1241261682951711
flat_exponential,184,Norway,45.47438714422326,43.648926785382265,0.0,0.14693219853136988
flat_exponential,184,Greece,34.2851884782586,41.10607280943064,0.0,0.11798810685995374
flat_exponential,184,Sweden,49.162114974205785,44.5537480449592,0.0,0.1561759915394291
flat_exponential,184,Austria,44.339768474225345,43.79497059527423,0.0,0.1439569479615344
flat_exponential,199,Cabo Verde,0.02023520568928164,0.7356959608643858,0.3333333333333333,0.21547760713590605
flat_exponential,199,"Gambia, The",4.129329287175405,0.0002639651581320339,0.2,0.1945354099247576
flat_exponential,199,Falkland Islands (Malvinas),0.7356739611063823,0.0,0.0,0.23285420672572196
flat_exponential,199,Niger,0.014944768552437655,0.06887070808450825,0.0,0.09673024514950405
flat_exponential,199,Sierra Leone,0.04028841219051983,0.026418690626065416,0.0,0.09780167320969552
flat_exponential,199,Guinea-Bissau,0.00867724359364365,4.11872324237271,0.13333333333333333,0.10157535128577176
flat_exponential,199,"São Tomé and Príncipe, Democratic Republic of",0.009500932391774804,0.00867724359364365,0.16666666666666666,0.06102550656864323
flat_exponential,201,"Kazakhstan, Republic of",36.59082544869903,33.379466030238795,0.0,0.15561778512450541
flat_exponential,201,Georgia,30.339723093514028,28.847541070225397,0.017857142857142856,0.13723023473843993
flat_exponential,201,Iraq,12.52607903925637,21.221551972113932,0.4821428571428571,0.06935060316478288
flat_exponential,201,"Iran, Islamic Republic of",38.22964589148446,28.914254776481222,0.0,0.1538190373357304
flat_exponential,201,"Belarus, Republic of",33.06396377158593,20.59121872739466,0.05357142857142857,0.1376141354052615
flat_exponential,201,"Azerbaijan, Republic of",24.762705892506315,29.277478850802492,0.25,0.11953173536722228
flat_exponential,201,"Uzbekistan, Republic of",35.76293288832408,29.85441388985103,0.017857142857142856,0.14777274744052313
flat_exponential,201,"Afghanistan, Islamic Republic of",7.022060285875993,23.909930296029458,0.1607142857142857,0.044171009657687874
flat_exponential,201,Syrian Arab Republic,6.561547221284889,8.8636279193941,0.0,0.03489271176584655
flat_exponential,205,Mali,5.892336813098396,9.128263661396572,0.0,0.1239283262078829
flat_exponential,205,Benin,7.069023252584407,5.92651288894738,0.3333333333333333,0.3272382271273016
flat_exponential,205,"Equatorial Guinea, Republic of",0.8484040747807529,0.6300483300573759,0.40476190476190477,0.06090716670971454
flat_exponential,205,Somalia,0.025409789613074375,0.0,0.0,0.021340178241401532
flat_exponential,205,Seychelles,0.0,0.00015598783326532396,0.0,0.021017393916257877
flat_exponential,205,Guinea,3.6229578263797584,8.035924820232076,0.5238095238095237,0.06619863206151624
flat_exponential,205,Liberia,0.6753812797754631,1.5934170938332617,0.07142857142857142,0.02665029339146988
flat_exponential,205,Togo,12.127310274149558,4.946500528081479,0.0,0.3527197823444551
flat_lognormal,4,Cuba,7.590702220787177,20.417004344536405,0.11111111111111112,0.05257109068348782
flat_lognormal,4,Jamaica,15.260999589848895,20.17779934814155,0.03333333333333333,0.07008518571032213
flat_lognormal,4,Guatemala,36.68780755825818,18.76574419446956,0.0,0.2078270468921624
flat_lognormal,4,El Salvador,30.678521620515603,16.007604687277016,0.0,0.18130635025032632
flat_lognormal,4,Panama,16.299472370940872,28.402554053632564,0.0,0.1135354434739824
flat_lognormal,4,Haiti,1.9585899810694907,14.64458362083749,0.3111111111111111,0.024122720684105727
flat_lognormal,4,Nicaragua,19.50186401549032,17.237883943891504,0.12222222222222223,0.13520259129344903
flat_lognormal,4,"Venezuela, República Bolivariana de",16.91254465276841,13.925755452512798,0.3,0.08578899998649485
flat_lognormal,4,Suriname,2.076075924793537,8.359922246615795,0.6777777777777778,0.02110760292439804
flat_lognormal,4,New Caledonia,0.0,0.04539392728988502,0.0,0.01363636363636364
flat_lognormal,4,Guyana,22.091517047267562,11.073849162535488,0.14444444444444446,0.09481660446490771
flat_lognormal,5,"Latvia, Republic of",23.39998098054785,22.267207139786386,0.0,0.18730324478109406
flat_lognormal,5,"Croatia, Republic of",20.731561312932033,20.342923870291823,0.0,0.17025009817067274
flat_lognormal,5,Ukraine,21.187573485633234,23.610956536429214,0.0,0.1760499307017077
flat_lognormal,5,"Estonia, Republic of",20.968958849389878,21.207254783214132,0.0,0.1719362376590154
flat_lognormal,5,Luxembourg,13.224920924299514,12.57455128425957,0.5,0.11682031771163068
flat_lognormal,5,"Serbia, Republic of",21.735393619203805,21.245495558025194,0.0,0.17764017097587914
flat_lognormal,6,Mali,16.545014505335935,19.89563876267889,0.08157894736842106,0.053799647184675295
flat_lognormal,6,Benin,11.960680462351112,13.835701556000545,0.04473684210526316,0.0398346187569263
flat_lognormal,6,Angola,31.325777511705013,23.159932640257058,0.049999999999999996,0.07999269608133333
flat_lognormal,6,Djibouti,13.38103744637884,0.9232047506038258,0.02894736842105263,0.03204190677161626
flat_lognormal,6,"Congo, Republic of",20.51934194191168,35.96519359956098,0.3289473684210526,0.06982672505647912
flat_lognormal,6,Sudan,7.618640675665706,10.013927917307601,0.0,0.020881154320463724
flat_lognormal,6,Guinea,10.22285439115484,17.87586299121696,0.24210526315789474,0.029849684597472965
flat_lognormal,6,Burkina Faso,17.37604700590648,16.820515404087097,0.09473684210526316,0.051077326780471485
flat_lognormal,6,Gabon,38.19782537306719,12.49632983148183,0.0,0.09530896515715506
flat_lognormal,6,Zimbabwe,16.51857215321737,13.299456119984066,0.0,0.03824177897277557
flat_lognormal,6,Liberia,4.459577328815797,10.252433885148724,0.0,0.016686414359330506
flat_lognormal,6,Namibia,22.933471174032093,26.948480505540047,0.6631578947368421,0.060763873199728397
flat_lognormal,6,Rwanda,14.358361632391514,8.3115197917569,0.6631578947368421,0.031267316586138225
flat_lognormal,6,"Mauritania, Islamic Republic of",26.26614529911657,12.390386535423314,0.08947368421052632,0.061980331529660405
flat_lognormal,6,"Congo, Democratic Republic of the",21.381753004699615,41.31084387866297,0.0,0.06160433443382558
flat_lognormal,6,Togo,25.41889182328154,22.794879125507922,0.28157894736842104,0.08188392684183746
flat_lognormal,6,Zambia,28.54453563820654,20.42686163450081,0.3763157894736842,0.06833987311838288
flat_lognormal,6,Sierra Leone,5.125957858668885,5.013065807844331,0.5263157894736842,0.01820599589836367
flat_lognormal,6,Cameroon,13.05458305584611,23.26864083777241,0.049999999999999996,0.0652531818966526
flat_lognormal,6,Syrian Arab Republic,6.788884596345373,4.371616923067739,0.0,0.014010278449591067
flat_lognormal,6,"Yemen, Republic of",1.1788420658885035,13.802302445582683,0.09736842105263158,0.009149970007120381
flat_lognormal,8,Cambodia,0.0,6.186078094711159,0.0,0.018750000000000003
flat_lognormal,8,Mauritius,9.00495621200118,9.518272090479131,0.5,0.12644661294894316
flat_lognormal,8,"Mozambique, Republic of",7.346756998580086,8.15084419589586,0.09523809523809523,0.12201992539158357
flat_lognormal,8,Myanmar,4.353296961173886,0.01799519955288249,0.23809523809523808,0.04401312901267592
flat_lognormal,8,"Madagascar, Republic of",10.37845999526816,9.226936469961474,0.023809523809523808,0.14832204067359794
flat_lognormal,8,"Tanzania, United Republic of",14.402899863094753,7.227715350174151,0.07142857142857142,0.24889229211401043
flat_lognormal,8,Uganda,9.74449928951968,8.6921162707532,0.09523809523809523,0.20898549140165573
flat_lognormal,8,"Ethiopia, The Federal Democratic Republic of",2.4484103224399565,8.659321970549843,0.42857142857142855,0.08257050845753328
flat_lognormal,22,"Netherlands, The",97.05810356692098,94.82669089336794,0.0,0.10246692143908881
flat_lognormal,22,France,95.11720305441756,97.4904867898855,0.0,0.10111469599685165
flat_lognormal,22,Italy,93.78996343820064,93.62232893732894,0.0,0.09963275701993075
flat_lognormal,22,United Kingdom,90.90587191900286,95.41407584716917,0.0,0.09746651616858082
flat_lognormal,22,"Türkiye, Republic of",82.3003081463568,86.0855889098701,0.0,0.0894021180198407
flat_lognormal,22,Spain,89.77782819789348,91.74413340207174,0.0,0.09611050657363442
flat_lognormal,22,Germany,102.33807252087702,100.66455782584885,0.0,0.10740593713129222
flat_lognormal,22,Belgium,92.91431085369787,92.52495549121221,0.0,0.0987926265038333
flat_lognormal,22,"China, People's Republic of",100.37574432555492,90.06403752107907,0.0,0.1046939461577608
flat_lognormal,22,United States,96.9628936843718,99.10344408946042,0.0,0.10291397498918646
flat_lognormal,53,Greenland,0.0,0.30504666359103205,0.0,0.01858175033994233
flat_lognormal,53,Tuvalu,0.0,0.014489626924371356,0.0,0.01858175033994233
flat_lognormal,53,"Lesotho, Kingdom of",0.0,0.0,0.0,0.01858175033994233
flat_lognormal,53,Falkland Islands (Malvinas),0.04640159953307392,0.0,0.0,0.02098429914537852
flat_lognormal,53,"Anguilla, United Kingdom-British Overseas Territory",0.0,0.04470277454295355,0.0,0.01858175033994233
flat_lognormal,53,Vanuatu,0.31298571783578166,0.021522715722962372,0.0,0.2500456170215251
flat_lognormal,53,Kiribati,0.029628485025904407,0.39904271389455603,0.05303030303030303,0.23795245521609562
flat_lognormal,53,"Palau, Republic of",0.0,0.028942812748777552,0.0,0.01858175033994233
flat_lognormal,53,Solomon Islands,1.1149159641962085,0.3187033410310246,0.09848484848484848,0.2772848423103953
flat_lognormal,53,"Montserrat, United Kingdom-British Overseas Territory",0.04473977385847044,0.0,0.0,0.03439175377390119
flat_lognormal,53,"Timor-Leste, Democratic Republic of",0.2591597848333077,0.06566367819464874,0.045454545454545456,0.03239533127912707
flat_lognormal,53,"Nauru, Republic of",0.0033384212653994327,0.641132573457337,0.0,0.020273865261028638
flat_lognormal,53,Holy See,0.028077153559517225,0.0,0.0,0.033763084292837066
flat_lognormal,64,Burundi,0.0,0.34665598649312557,0.0,0.019819273186051416
flat_lognormal,64,"Micronesia, Federated States of",5.863086454096144,8.141767731658865,0.015151515151515152,0.1928358784315855
flat_lognormal,64,"Comoros, Union of the",0.0012112661209144494,0.20486446269615488,0.015151515151515152,0.019878136880757215
flat_lognormal,64,Bhutan,0.0,0.0,0.0,0.019819273186051416
flat_lognormal,64,American Samoa,0.0,2.2371408818430654,0.0,0.019819273186051416
flat_lognormal,64,"Fiji, Republic of",8.03194162637012,1.437026539311189,0.015151515151515152,0.1732101659779879
flat_lognormal,64,"Korea, Democratic People's Republic of",1.4086020611815693,0.0,0.0,0.10682843280943244
flat_lognormal,64,Tonga,0.4910309964378111,4.358097928137438,0.015151515151515152,0.07012720210466891
flat_lognormal,64,"Eritrea, The State of",0.002217539440954483,0.018769741111677195,0.015151515151515152,0.020002167131669253
flat_lognormal,64,"Marshall Islands, Republic of the",2.919394817947985,2.728427630488273,0.0,0.0785928460314212
flat_lognormal,64,Samoa,3.23468468659702,4.500526878625286,0.045454545454545456,0.13429142726266763
flat_lognormal,64,"São Tomé and Príncipe, Democratic Republic of",0.0,0.06660575793045263,0.0,0.019819273186051416
flat_lognormal,64,Guam,5.222372913710879,3.1346588236078707,0.0,0.12495665062560442
flat_lognormal,70,Chile,27.066371583119704,29.917315415983403,0.0,0.2028285839377125
flat_lognormal,70,Argentina,29.573445585702455,23.494647667878716,0.0,0.20603753088106097
flat_lognormal,70,Colombia,27.477291416489464,27.08839213636323,0.0,0.2005391688771434
flat_lognormal,70,Peru,26.619320875066414,29.11895268002725,0.0,0.19787645586388455
flat_lognormal,70,Ecuador,25.978505574009404,27.095627134134837,0.0,0.1927182604401985
flat_lognormal,102,"Slovenia, Republic of",72.1337724952997,67.93679321073932,0.007575757575757576,0.07495332080257999
flat_lognormal,102,Czech Republic,90.69842387071138,84.32454750003821,0.0,0.09141062333105189
flat_lognormal,102,Bulgaria,70.53613099533288,73.2891690334894,0.0,0.07377767009265036
flat_lognormal,102,Portugal,69.20643343527595,71.2929378711641,0.0,0.07265054564616832
flat_lognormal,102,Slovak Republic,80.71539587394786,76.30229092164481,0.0,0.08265924532857752
flat_lognormal,102,Israel,62.925773499932795,70.56150149733844,0.0,0.06731800237280446
flat_lognormal,102,Finland,69.47633072800897,71.11676882724156,0.0,0.07304864743920304
flat_lognormal,102,Norway,72.05780492793272,67.90249165591216,0.0,0.07466331328285718
flat_lognormal,102,Romania,80.61672011396746,85.56709884911695,0.0,0.08314265643488175
flat_lognormal,102,"Lithuania, Republic of",65.38728109803361,66.22557173332324,0.0,0.06931397349378764
flat_lognormal,102,Greece,72.10260808132341,74.71469154477708,0.0,0.07509415435043075
flat_lognormal,102,Ireland,71.16756271146507,72.01788280774218,0.0,0.07427534123274421
flat_lognormal,102,Hungary,86.41475815970202,82.18725053840639,0.0,0.0876925061922628
flat_lognormal,103,"Hong Kong Special Administrative Region, People's Republic of China",89.98339323435735,94.38534617211745,0.0,0.09085749731424385
flat_lognormal,103,Vietnam,89.5559843523208,88.95301343635045,0.0,0.09010234525304318
flat_lognormal,103,Thailand,90.04086379648643,90.36644599420283,0.0,0.09061125551900448
flat_lognormal,103,India,89.28698587739682,95.29408465703918,0.0,0.0904502058857569
flat_lognormal,103,Indonesia,88.72071224886388,88.33280605729979,0.0,0.08942734779617086
flat_lognormal,103,Canada,76.0760454425763,77.623095993149,0.0,0.07855056488295231
flat_lognormal,103,Malaysia,92.12177901132453,89.4019301814418,0.0,0.0921847206769972
flat_lognormal,103,United Arab Emirates,88.35940660493408,85.91929169967422,0.0,0.08883491201393176
flat_lognormal,103,Singapore,96.61223563966752,92.50375573539519,0.0,0.0959392907883095
flat_lognormal,103,"Korea, Republic of",95.60895759495111,94.21451104239144,0.0,0.09528461838001356
flat_lognormal,103,Japan,98.36360821977588,97.73569105359331,0.0,0.09775724148957653
flat_lognormal,108,Brazil,60.77839984581481,51.934656381199396,0.0,0.15152359363544238
flat_lognormal,108,Saudi Arabia,55.062880603434124,48.40600515348884,0.0,0.1314735549422923
flat_lognormal,108,Russian Federation,56.53344825199778,31.562399209244354,0.03571428571428571,0.13249320469671286
flat_lognormal,108,Australia,47.52632518647298,38.196227854120764,0.10714285714285714,0.10989879784045317
flat_lognormal,108,Morocco,38.39194025723381,39.60285537591196,0.03571428571428571,0.10590081979982269
flat_lognormal,108,Taiwan Province of China,0.0,54.10260960519986,0.0,0.01666666666666667
flat_lognormal,108,Mexico,46.19771815144554,43.09534097677927,0.017857142857142856,0.11736883836011089
flat_lognormal,108,South Africa,46.36538264454394,41.6831175738367,0.0,0.1184442806649253
flat_lognormal,108,"Egypt, Arab Republic of",41.66979463864694,43.942677449808784,0.0,0.11623024339357359
flat_lognormal,122,Bolivia,7.9092256179859515,6.387979488232174,0.65,0.1452472862287899
flat_lognormal,122,Trinidad and Tobago,7.70098085136096,9.907232156886876,0.0,0.10426856354791865
flat_lognormal,122,Paraguay,9.751664467472729,7.152880673155829,0.2,0.16984089272304892
flat_lognormal,122,Costa Rica,17.80403277794035,14.596592291540912,0.0,0.2118094200917345
flat_lognormal,122,Honduras,12.215628731403005,12.616166807985046,0.6000000000000001,0.15404830055434768
flat_lognormal,122,Dominican Republic,15.05713208394698,19.777813112309136,0.0,0.21478553685416013
flat_lognormal,134,New Zealand,23.34657273410057,18.9520836079598,0.05,0.16552727934483635
flat_lognormal,134,Pakistan,26.38894702875027,22.54053398117729,0.0,0.18981985175216814
flat_lognormal,134,Sri Lanka,18.47307421847248,20.988967369384696,0.0,0.14524785098169252
flat_lognormal,134,Qatar,26.571147661153557,18.75914244254653,0.0,0.18620073065204165
flat_lognormal,134,Bangladesh,20.75789250816284,28.795698486010238,0.0,0.16583188623725142
flat_lognormal,134,Philippines,17.88339230990034,23.384600573461498,0.0,0.14737240103200952
flat_lognormal,135,Faroe Islands,0.7522754871193496,0.043764714824442934,0.16666666666666666,0.07565356100920255
flat_lognormal,135,Gibraltar,0.0009485499841874995,0.43229656994024923,0.0,0.034923179465391745
flat_lognormal,135,Montenegro,0.35445062195174093,1.5052977806601404,0.2,0.05385320017290928
flat_lognormal,135,Turkmenistan,4.055866676301895,1.7263266816867828,0.0,0.2673627302466576
flat_lognormal,135,Kyrgyz Republic,5.677470368930628,5.525641820456818,0.2,0.37566687240051644
flat_lognormal,135,"Afghanistan, Islamic Republic of",1.0271442135333473,2.770067539942685,0.0,0.09288632326235573
flat_lognormal,135,"San Marino, Republic of",0.13523918968997056,0.0,0.0,0.09965413344296659
flat_lognormal,142,"Kazakhstan, Republic of",36.17109342168178,42.57834873087581,0.09090909090909091,0.10255907720425905
flat_lognormal,142,Georgia,35.3062954967933,36.970842744122315,0.0,0.09495463265433626
flat_lognormal,142,"Armenia, Republic of",22.217541752394375,28.48675273827272,0.007575757575757576,0.06992141245147228
flat_lognormal,142,"North Macedonia, Republic of",22.530746492999892,19.97102348855686,0.33333333333333337,0.07228934921831441
flat_lognormal,142,"Kosovo, Republic of",14.709735813062034,18.6119159057238,0.0,0.05359026729698565
flat_lognormal,142,"Iran, Islamic Republic of",43.28160069263029,26.017785840328667,0.08333333333333334,0.11655421876306456
flat_lognormal,142,"Belarus, Republic of",38.319004299203755,34.60794898251339,0.0,0.10475018365505508
flat_lognormal,142,Iceland,6.940834161763377,2.2820487956557116,0.6136363636363636,0.027077783558197017
flat_lognormal,142,"Azerbaijan, Republic of",24.431562833771697,34.13572968135584,0.03787878787878788,0.07263336486016715
flat_lognormal,142,"Moldova, Republic of",21.603058001088133,23.289701463387587,0.0,0.06348076302615517
flat_lognormal,142,"Uzbekistan, Republic of",34.309882690781826,33.31352514868273,0.06818181818181818,0.10363444049725486
flat_lognormal,142,Bosnia and Herzegovina,18.280942212483414,18.028727835217826,0.20454545454545456,0.06024967680751127
flat_lognormal,142,Albania,17.39765699099538,17.205603504955963,0.4166666666666667,0.0583048300072274
flat_lognormal,143,"Equatorial Guinea, Republic of",0.0,0.0,0.0,0.017734721006194054
flat_lognormal,143,Maldives,0.0,1.150565430164515,0.0,0.017734721006194054
flat_lognormal,143,Seychelles,0.42918019585765754,0.0625925664953764,0.0,0.17816067461000262
flat_lognormal,143,Nepal,0.24223464698006786,0.7996522547549296,0.15555555555555556,0.2532517641128552
flat_lognormal,143,Mongolia,0.7989229827325888,0.013729320084248433,0.03333333333333333,0.2339457223260275
flat_lognormal,143,Malawi,0.7632625161444655,0.04494872009069942,0.16666666666666669,0.18498105718592675
flat_lognormal,143,Papua New Guinea,0.005711211268556355,0.0,0.0,0.035302844922647104
flat_lognormal,143,Brunei Darussalam,2.4999687505208236e-05,0.005003461782320832,0.011111111111111112,0.01775572292187027
flat_lognormal,143,Lao People's Democratic Republic,0.6051527751015702,0.025966152441270304,0.022222222222222223,0.025663329895894076
flat_lognormal,143,Botswana,0.0,0.6979386829560752,0.0,0.017734721006194054
flat_lognormal,143,West Bank and Gaza,0.0,0.04409273900297621,0.0,0.017734721006194054
flat_lognormal,154,Antigua and Barbuda,5.100042710388982,11.198672667242906,0.0,0.06761741489523602
flat_lognormal,154,"Curaçao, Kingdom of the Netherlands",5.954129161665115,5.227196129222962,0.24242424242424243,0.09517937196867125
flat_lognormal,154,"Aruba, Kingdom of the Netherlands",3.6296001572448513,4.588314168660549,0.5151515151515151,0.06880124025101826
flat_lognormal,154,"Bahamas, The",0.005323795944314371,2.313642229295409,0.32575757575757575,0.011582025954212757
flat_lognormal,154,Bermuda,0.0725084307195303,0.13246941043650123,0.6439393939393939,0.012062073042337761
flat_lognormal,154,Dominica,4.588011391760048,8.083832581945414,0.13636363636363635,0.054098273505799606
flat_lognormal,154,St. Lucia,9.913195736650874,10.069790559970016,0.26515151515151514,0.11299908108976668
flat_lognormal,154,"Sint Maarten, Kingdom of the Netherlands",6.238455564513473,4.125298687255802,0.0,0.07928953858781317
flat_lognormal,154,Barbados,19.451252450380718,8.945865802192412,0.0,0.19445099894945728
flat_lognormal,154,St. Vincent and the Grenadines,10.794599419365216,7.351960953318755,0.045454545454545456,0.11180594070735224
flat_lognormal,154,St. Kitts and Nevis,4.308317041686452,8.852442379396782,0.0,0.05115833550157941
flat_lognormal,154,Grenada,5.5808037212671,7.283835264053151,0.2878787878787879,0.06438481164647128
flat_lognormal,154,Belize,6.501823920745995,3.9647426693420096,0.0,0.07657089390028435
flat_lognormal,156,"Poland, Republic of",35.24239765925387,34.75707855458744,0.0,0.2097438942851608
flat_lognormal,156,Denmark,32.15390679691217,32.63875360827931,0.0,0.19443342058697674
flat_lognormal,156,Sweden,33.67656436678671,33.81964084742168,0.0,0.20210073233041842
flat_lognormal,156,Switzerland,32.16372470264139,32.46226929894503,0.0,0.19445931323042004
flat_lognormal,156,Austria,33.234208171525765,32.79305938788644,0.0,0.199262639567024
flat_lognormal,175,Lebanon,50.93587557587313,39.490353025054816,0.0,0.07627117241571225
flat_lognormal,175,Cyprus,36.23110552841275,24.602462662084402,0.2791666666666667,0.05685670057543636
flat_lognormal,175,Uruguay,29.138935835612173,20.45502997954818,0.2875,0.04760351874478138
flat_lognormal,175,Malta,33.01882798358664,20.93694429012211,0.6083333333333333,0.05238899964067991
flat_lognormal,175,Algeria,59.47633842875987,42.46688303542849,0.0,0.09183856115062482
flat_lognormal,175,Côte d'Ivoire,35.36960114716452,43.68004078776131,0.55,0.05456672415187393
flat_lognormal,175,Tunisia,50.589698430331865,38.008106286437794,0.0,0.0754873924754618
flat_lognormal,175,Iraq,19.288410129462775,40.565496326973104,0.6125,0.04087317757032596
flat_lognormal,175,Jordan,46.2953909982223,41.20222982515943,0.0,0.07389146814384544
flat_lognormal,175,Ghana,23.208896111781236,39.17992232018503,0.10416666666666667,0.037219068153738134
flat_lognormal,175,Kenya,29.831319583156922,29.65158319349957,0.016666666666666666,0.05113063949939369
flat_lognormal,175,Senegal,18.033065964951785,43.40522221470255,0.2791666666666667,0.03168445871567129
flat_lognormal,175,"Bahrain, Kingdom of",47.69949268494288,26.121908844249575,0.10833333333333334,0.07357951709296566
flat_lognormal,175,Oman,59.76581289295025,37.69729518718838,0.0,0.09119097525892783
flat_lognormal,175,Kuwait,38.54394312542646,44.10599122352586,0.05,0.06623823984959483
flat_lognormal,175,Libya,5.521644859343975,44.60673771822579,0.0,0.020214017548320445
flat_lognormal,175,Nigeria,40.41241997471654,47.18457233454976,0.0875,0.05896536901264603
flat_lognormal,191,Somalia,3.0513884640321254,0.8588899827910402,0.1909090909090909,0.03285726247762038
flat_lognormal,191,Cabo Verde,0.02023520568928164,0.09428055901762501,0.08181818181818182,0.01613740636278176
flat_lognormal,191,"Gambia, The",4.117855365101777,0.09897941809129855,0.09090909090909091,0.08772042346572625
flat_lognormal,191,Central African Republic,0.12257187419301577,2.054329513255198,0.19999999999999998,0.045279878743336735
flat_lognormal,191,Chad,2.1432736815317965,2.867634515024836,0.0,0.34857253581796643
flat_lognormal,191,Niger,2.97137832082748,0.09627641895670719,0.17272727272727273,0.3462363114706569
flat_lognormal,191,"Eswatini, Kingdom of",0.8588899827910402,0.0025002983433687767,0.17272727272727273,0.04380168747572283
flat_lognormal,191,"South Sudan, Republic of",0.0,0.0,0.0,0.015873015873015876
flat_lognormal,191,"Tajikistan, Republic of",0.0,0.0,0.0,0.015873015873015876
flat_lognormal,191,"Macao Special Administrative Region, People's Republic of China",0.0,3.1007390452694303,0.0,0.015873015873015876
flat_lognormal,191,Guinea-Bissau,0.006760098955696723,4.11872324237271,0.03636363636363636,0.01590243069412507
flat_lognormal,191,French Polynesia,0.0,0.0,0.0,0.015873015873015876
flat_pp,7,Cambodia,0.0,16.6060193011241,0.0,0.0016651761010699525
flat_pp,7,Faroe Islands,8.144276465108762,6.270733530761559,0.002372034956304619,0.009391091178193773
flat_pp,7,Bolivia,13.566983479925359,12.39895224034342,0.021847690387016228,0.019454282944406542
flat_pp,7,Benin,13.508395012765035,18.962233798817,0.0651685393258427,0.008176958582968774
flat_pp,7,Djibouti,14.518801393313499,2.489900210770098,0.03458177278401997,0.0070355947946472135
flat_pp,7,Greenland,6.9239268356417965,7.37235008751415,0.1136079900124844,0.00834121659897428
flat_pp,7,"Curaçao, Kingdom of the Netherlands",9.927022399318137,11.844402580279842,0.36354556803995003,0.007039544031439011
flat_pp,7,Uruguay,39.20929172521975,8.88183612499153,0.047565543071161044,0.03558236144329964
flat_pp,7,"Equatorial Guinea, Republic of",6.1254517200643255,1.997479429645437,0.036079900124843946,0.00475557712875361
flat_pp,7,Sudan,20.72163093702427,22.769251025477605,0.0215980024968789,0.0049834250088083105
flat_pp,7,Maldives,0.6479088707138652,1.4630402634899768,0.0,0.0018838573282462905
flat_pp,7,Burundi,4.716729116975577,12.392241718619042,0.0,0.004259811829916584
flat_pp,7,Seychelles,1.3675412934384514,0.7889101873937622,0.05468164794007491,0.0031975237989330437
flat_pp,7,Gibraltar,0.6083239515315347,1.9427741603583761,0.0004993757802746567,0.002316130619541803
flat_pp,7,Tuvalu,0.11831552071504174,3.4538581846585776,0.010986267166042446,0.0021660240071562785
flat_pp,7,"Micronesia, Federated States of",6.217577010304332,9.94775189316241,0.0,0.010739419643100736
flat_pp,7,"Aruba, Kingdom of the Netherlands",5.471083094075562,15.28872182590542,0.015355805243445693,0.006643998733085229
flat_pp,7,Georgia,48.669387733642345,39.04408317743616,0.0,0.03550764035067957
flat_pp,7,"Comoros, Union of the",0.29386416685215067,0.28758615743498617,0.021098626716604243,0.001954647998860517
flat_pp,7,Trinidad and Tobago,47.426235460412045,25.686618132334488,0.0215980024968789,0.039544148848882174
flat_pp,7,Cabo Verde,3.950936600682512,1.8232409752342684,0.011985018726591759,0.004230974548353635
flat_pp,7,Burkina Faso,13.601927482169243,20.54257898150322,0.010861423220973783,0.010199678420067426
flat_pp,7,"Gambia, The",5.919022863874323,2.018618801391393,0.42484394506866413,0.005197414028842075
flat_pp,7,"Armenia, Republic of",26.496553923146678,25.850310027612423,0.04644194756554307,0.02203845551853269
flat_pp,7,Nepal,3.406772774714488,5.232303292673891,0.3056179775280899,0.0053600809883219665
flat_pp,7,Montenegro,1.596137014289709,5.475536127796113,0.1320848938826467,0.0027523876902012306
flat_pp,7,Turkmenistan,29.268831034288482,17.46842514501848,0.033957553058676655,0.021322452772845682
flat_pp,7,Mongolia,9.437965025628916,7.541251290680568,0.0,0.009121801894407805
flat_pp,7,Central African Republic,0.7023882349088548,5.1325443353509455,0.013607990012484394,0.002421670338546302
flat_pp,7,Guatemala,55.03613946745372,29.740646956252984,0.0,0.04816705237758957
flat_pp,7,Chad,2.497276737922587,9.271552216817353,0.05106117353308364,0.002986801955846925
flat_pp,7,"Bahamas, The",5.360276277438113,18.199546458996423,0.022596754057428215,0.004748981072994853
flat_pp,7,Panama,24.982847355982763,46.35398721783836,0.0,0.01990843368375319
flat_pp,7,Zimbabwe,21.945883644883114,20.65234751123253,0.022222222222222223,0.015026939934530923
flat_pp,7,Liberia,0.5264311848382063,6.727810618072366,0.010611735330836454,0.0020142893517678
flat_pp,7,Malawi,19.08373533405625,10.906477275717311,0.06267166042446941,0.014407340782959615
flat_pp,7,Kyrgyz Republic,18.754054936600383,34.847648825896464,0.03258426966292135,0.017037810371933547
flat_pp,7,Bhutan,2.107543671161819,1.6103930189744946,0.29038701622971286,0.0034844594653062975
flat_pp,7,"Iran, Islamic Republic of",51.75983953670255,27.689573880815917,0.021348314606741574,0.03510198464014185
flat_pp,7,Rwanda,18.360825851455598,20.72038891225854,0.0,0.010304790663219023
flat_pp,7,"Mauritania, Islamic Republic of",11.025898511928048,10.343779020892308,0.021847690387016228,0.0073660313396408834
flat_pp,7,"Fiji, Republic of",24.699242526406366,6.532759370209103,0.010986267166042446,0.03889235398717412
flat_pp,7,"Lesotho, Kingdom of",3.415671664227567,4.345211896873515,0.015980024968789013,0.007311624850296654
flat_pp,7,Haiti,3.6311549125164557,19.600961307446553,0.00012484394506866417,0.005309071892766625
flat_pp,7,Falkland Islands (Malvinas),2.2325167118532105,0.10305792271542578,0.01622971285892634,0.004287774420044101
flat_pp,7,Niger,9.038618710136012,11.212091046762556,0.05056179775280899,0.004978367830653227
flat_pp,7,Iceland,18.854890916275522,13.322730155562338,0.46866416978776526,0.016724567884315818
flat_pp,7,Uganda,25.811912745724737,20.196699335029162,0.03233458177278402,0.012123737077549447
flat_pp,7,"Anguilla, United Kingdom-British Overseas Territory",3.37231468445304,4.098046995965983,0.07890137328339575,0.0036055525119790357
flat_pp,7,Honduras,33.50977141983131,22.452511509068096,0.038202247191011236,0.029053844515278694
flat_pp,7,Papua New Guinea,7.273138354995526,3.6494814966456497,0.14369538077403246,0.01821979027673558
flat_pp,7,"Azerbaijan, Republic of",31.835420766405228,35.457396753836726,0.0004993757802746567,0.028772192318253793
flat_pp,7,"Moldova, Republic of",20.053731359979942,15.680129808443308,0.039700374531835204,0.015282188992185987
flat_pp,7,"Uzbekistan, Republic of",43.2743160428664,38.84204212880016,0.0,0.03548537313770261
flat_pp,7,Togo,17.59907101262185,18.62506787338334,0.011235955056179775,0.010164123904413062
flat_pp,7,"Eswatini, Kingdom of",21.133712207784416,7.7987659818109805,0.10961298377028714,0.021594844561170917
flat_pp,7,Tonga,0.4910309964378111,4.4012589077349435,0.0,0.004150013062969613
flat_pp,7,Nicaragua,25.364051810887233,21.294355953143217,0.026466916354556804,0.022075274388916124
flat_pp,7,Zambia,29.832431461544026,23.106561394688445,0.16604244694132334,0.02369472747305701
flat_pp,7,"Eritrea, The State of",2.1547658088773263,1.1656603597723056,0.0009987515605493133,0.0029166356602189154
flat_pp,7,Libya,10.771642212955562,19.64875178312079,0.0,0.0125787404085167
flat_pp,7,St. Lucia,8.896148628970808,16.67120198435726,0.3702871410736579,0.008172831604774765
flat_pp,7,Vanuatu,5.645366272109194,6.230951148211421,0.0,0.020196290491162883
flat_pp,7,"Marshall Islands, Republic of the",6.290828206838376,6.886050086932741,0.0,0.005952786063541516
flat_pp,7,Dominican Republic,50.49601154185867,31.851441341815367,0.005742821473158552,0.0380384629354056
flat_pp,7,Samoa,1.0127929433833518,3.9401629592266874,0.0,0.006506186950515764
flat_pp,7,Brunei Darussalam,2.5620109706533105,0.36923420020965886,0.007990012484394507,0.001883623599275855
flat_pp,7,"South Sudan, Republic of",1.5601925383137216,14.133407324617808,0.0,0.002343739878362885
flat_pp,7,"Tajikistan, Republic of",13.71471703486419,19.424706945452478,0.0,0.013775174923607404
flat_pp,7,"Macao Special Administrative Region, People's Republic of China",1.3208615180288774,13.364398527090621,0.1920099875156055,0.0017806753229711572
flat_pp,7,"Sint Maarten, Kingdom of the Netherlands",3.762367824382956,5.2997752921576895,0.009113607990012484,0.0035162937615458873
flat_pp,7,Syrian Arab Republic,9.607644460870816,16.45306184369354,0.010861423220973783,0.004068481604609752
flat_pp,7,Kiribati,1.5299576008455957,3.6906700055755413,0.010861423220973783,0.004819896343921423
flat_pp,7,Barbados,20.71868507296214,21.726313981817867,0.0,0.015047048790749624
flat_pp,7,"Yemen, Republic of",1.323178453027557,20.464941812494775,0.0,0.002261664584086189
flat_pp,7,"Palau, Republic of",0.389829546113032,3.1765727216203885,0.281772784019975,0.0018678661563788664
flat_pp,7,Lao People's Democratic Republic,8.28006309946163,1.7625832558884704,0.010986267166042446,0.006539547837202891
flat_pp,7,Guinea-Bissau,1.8352409877507925,5.303011574927457,0.033707865168539325,0.002301842270361889
flat_pp,7,"São Tomé and Príncipe, Democratic Republic of",0.05538048931053452,1.776884703003414,0.03270911360799001,0.0017605521567854564
flat_pp,7,"San Marino, Republic of",3.0152858118807684,0.17316839916376403,0.00012484394506866417,0.0043451453435365975
flat_pp,7,Botswana,10.26153858422226,14.46200587873589,0.0,0.008101332124635824
flat_pp,7,New Caledonia,2.3600272252962795,6.079460000310419,0.03258426966292135,0.005878973666552807
flat_pp,7,"Montserrat, United Kingdom-British Overseas Territory",0.24676244437802633,1.8652095508679105,0.052309612983770286,0.0018252048992626038
flat_pp,7,Grenada,3.924271958609898,13.444472224787534,0.0,0.005188184337519914
flat_pp,7,Guyana,31.319450826002594,30.974933502721377,0.07116104868913857,0.020046521602330003
flat_pp,7,"Timor-Leste, Democratic Republic of",0.7752932120281777,0.14737788224048004,0.0431960049937578,0.003284859977636045
flat_pp,7,Guam,7.99517126386197,3.160694680388738,0.1891385767790262,0.008178582131786578
flat_pp,7,West Bank and Gaza,1.1683312797982814,1.0706833107757263,0.0,0.002060791251800211
flat_pp,7,"Nauru, Republic of",0.18690289244744265,0.0,0.0,0.0018012061329033713
flat_pp,7,French Polynesia,0.0,5.251235812004672,0.0,0.0016651761010699525
flat_pp,7,Holy See,0.11906572596282046,0.0009605385351215014,0.08002496878901373,0.0017319951907420143
flat_pp,63,Antigua and Barbuda,3.15393474851574,17.283336980117905,0.1981981981981982,0.0024742017257616405
flat_pp,63,Mali,38.691729336558524,61.58394149949946,0.08108108108108109,0.00556774589440412
flat_pp,63,Mauritius,31.488078206889234,80.60333557417103,0.06,0.005373655013058857
flat_pp,63,Angola,73.28464865274212,104.57317649200853,0.08216216216216217,0.009161207118638317
flat_pp,63,Lebanon,91.69107462600029,115.90639179016448,0.00018018018018018018,0.011027581975750458
flat_pp,63,Cyprus,100.58599912022132,110.34761435183059,0.010810810810810811,0.013780746174205272
flat_pp,63,"Slovenia, Republic of",211.26769562358166,148.72503772702052,0.0,0.026866980648298535
flat_pp,63,"Congo, Republic of",53.509330243280175,83.59774152961391,0.19369369369369369,0.0074529278742022495
flat_pp,63,"Latvia, Republic of",153.4863805874055,125.19859986875379,0.025765765765765766,0.019895038013275086
flat_pp,63,Malta,82.73548400484657,94.90393504452466,0.013153153153153154,0.01106472679284072
flat_pp,63,Vietnam,204.39725046067073,220.3035300756563,0.0,0.0261540251528473
flat_pp,63,Russian Federation,332.6446429445186,209.4032400475118,0.0654054054054054,0.03894794900632729
flat_pp,63,Algeria,108.54451988284264,134.57564657943408,0.07873873873873874,0.013394786186965137
flat_pp,63,"Kazakhstan, Republic of",102.98980683826665,122.01825012766703,0.023243243243243245,0.014277920740098218
flat_pp,63,"Croatia, Republic of",159.7203567084176,155.21612381654734,0.0,0.02104403029247493
flat_pp,63,Cuba,24.549177112544395,61.09743573611695,0.03333333333333333,0.005027882183120477
flat_pp,63,Jamaica,36.990250708621204,61.2855039163071,0.03207207207207207,0.006761941618578417
flat_pp,63,Czech Republic,264.80390129256284,185.1509245909605,0.013333333333333334,0.0326813448409668
flat_pp,63,Argentina,233.142840187062,128.2879264521718,0.0,0.027595081059719088
flat_pp,63,Somalia,13.205220168754376,44.02512761848795,0.2864864864864865,0.0035320768981751747
flat_pp,63,Guinea,30.371401353832923,67.22928990396754,0.14684684684684685,0.004715307051825685
flat_pp,63,Pakistan,193.78659280686983,148.78775295669547,0.0,0.023466595434894783
flat_pp,63,"Mozambique, Republic of",62.74670860182916,89.16622678948168,0.007207207207207207,0.008899289757187514
flat_pp,63,Bulgaria,206.74612258582846,175.36067064557443,0.01945945945945946,0.02589400886317554
flat_pp,63,Myanmar,74.31080258155121,52.476809445239994,0.016396396396396395,0.010844370924222083
flat_pp,63,"Estonia, Republic of",120.58869955544854,112.54742482246756,0.009369369369369369,0.016223093525969658
flat_pp,63,Iraq,76.09725348938112,138.84157350505006,0.060720720720720725,0.010595011019862096
flat_pp,63,Portugal,222.47851344479247,206.26179879025398,0.0,0.027043285914976303
flat_pp,63,Slovak Republic,217.5410170486096,141.5897948425748,0.023603603603603605,0.027551918437274496
flat_pp,63,Israel,174.18938925086476,176.218921083306,0.0,0.022533287365811925
flat_pp,63,Jordan,93.43668939413344,131.60391977737248,0.02288288288288288,0.01152472385019715
flat_pp,63,Gabon,84.04490689766955,56.40197458306829,0.06198198198198198,0.011023206730877718
flat_pp,63,"North Macedonia, Republic of",82.25739732982062,89.96013670765642,0.46702702702702703,0.012042219700599995
flat_pp,63,El Salvador,33.10534328796772,58.36289746873698,0.10432432432432433,0.0057492646889672205
flat_pp,63,"Madagascar, Republic of",39.02316139252235,51.76395647588469,0.08396396396396397,0.0055838688444009785
flat_pp,63,Ghana,76.83399421914842,127.28191106381549,0.06054054054054054,0.009901594298987577
flat_pp,63,Malaysia,310.7413453221396,231.61252555777227,0.0,0.03829422190055675
flat_pp,63,"Kosovo, Republic of",35.95000539103426,55.08957015532581,0.02702702702702703,0.006177220442628918
flat_pp,63,Taiwan Province of China,0.0,202.4925524187844,0.0,0.001973684210526316
flat_pp,63,Namibia,44.08535577994465,41.969477919746666,0.45585585585585586,0.0064706728438418916
flat_pp,63,American Samoa,2.472804131614134,5.772334401246131,0.0581981981981982,0.0022090800825846015
flat_pp,63,Senegal,58.22573120559184,125.53792349321328,0.0,0.007259899247484601
flat_pp,63,"Tanzania, United Republic of",74.25665342182327,85.12834323798198,0.0,0.009865187036890453
flat_pp,63,Paraguay,114.66327028962226,58.210816225649985,0.0,0.014468738483637672
flat_pp,63,Bermuda,3.467139239080952,10.372757274950384,0.1772972972972973,0.0022544643423630137
flat_pp,63,"Belarus, Republic of",87.65478019649179,80.9535150372549,0.013333333333333334,0.0127412712991043
flat_pp,63,Dominica,7.937108279385829,15.786598942651443,0.02288288288288288,0.0027975128406247446
flat_pp,63,Costa Rica,87.50725674050125,81.12796621230925,0.04018018018018018,0.011897877789002469
flat_pp,63,"Bahrain, Kingdom of",114.26125246892887,80.1093518465588,0.013513513513513514,0.01457165336663642
flat_pp,63,"Congo, Democratic Republic of the",49.945173913702135,61.628222131271016,0.0,0.006977239291944998
flat_pp,63,"Korea, Democratic People's Republic of",20.224510629276956,8.580076734995668,0.03189189189189189,0.0036946050657184386
flat_pp,63,Colombia,159.01476081891713,132.01799776648448,0.0,0.02034594089058997
flat_pp,63,Sri Lanka,139.95106170357707,80.8776097452558,0.004324324324324324,0.01737986078102975
flat_pp,63,Kuwait,81.63872155339314,141.748464793128,0.0018018018018018018,0.010545950026919194
flat_pp,63,Luxembourg,120.3401912619053,81.16745201262657,0.0,0.015600667131982965
flat_pp,63,Sierra Leone,20.04112983100932,54.990825757753036,0.3068468468468469,0.0037229317349086765
flat_pp,63,Peru,125.78603304430425,126.04951279356244,0.0,0.017394696662443025
flat_pp,63,Cameroon,58.46866701416941,95.02905018679981,0.09981981981981983,0.007795322204657845
flat_pp,63,"Afghanistan, Islamic Republic of",11.039080586319868,45.07454560561734,0.0,0.0032133296010912428
flat_pp,63,Qatar,170.69085159209993,118.11028696729683,0.0,0.01999767099019567
flat_pp,63,Bangladesh,151.2439406923289,158.11191230817425,0.0,0.020067079129875993
flat_pp,63,"Serbia, Republic of",169.67754986547118,127.82310732209865,0.02738738738738739,0.022419960597845155
flat_pp,63,Ecuador,135.923592909477,89.81961695155033,0.0,0.017569546149245358
flat_pp,63,Hungary,241.6197160682025,170.83249234818828,0.013333333333333334,0.03059307328549063
flat_pp,63,St. Vincent and the Grenadines,7.791432038932971,9.595699124728437,0.15243243243243243,0.003148733236542393
flat_pp,63,Nigeria,134.91857353343983,148.73431222940732,0.0,0.016206990103895053
flat_pp,63,"Venezuela, República Bolivariana de",50.869381755356024,67.48709062648696,0.032432432432432434,0.007780837875330103
flat_pp,63,Bosnia and Herzegovina,92.56785323511379,82.13721579440774,0.0014414414414414415,0.013488309036167698
flat_pp,63,"Ethiopia, The Federal Democratic Republic of",56.093455757282946,65.58003876433908,0.0037837837837837837,0.007678164440244872
flat_pp,63,Albania,55.95283519341391,97.03455927935693,0.04450450450450451,0.0092117665410961
flat_pp,63,Philippines,141.773627092564,142.51608251803754,0.0,0.01932095128398316
flat_pp,63,"Egypt, Arab Republic of",236.4878939098151,183.07952413061798,0.0,0.02730183241701115
flat_pp,63,St. Kitts and Nevis,6.706429679993339,10.241384232752997,0.16882882882882883,0.002789188279532947
flat_pp,63,Suriname,6.045813271125714,27.11024736908919,0.009009009009009009,0.0028887160965497863
flat_pp,63,Solomon Islands,11.42512000513087,6.01197212955126,0.021621621621621623,0.0031122171738640686
flat_pp,63,Belize,9.94437700556471,22.349880095883563,0.045585585585585585,0.003100040467022868
flat_pp,185,"Hong Kong Special Administrative Region, People's Republic of China",304.0814659274133,292.43739083742275,0.0,0.024181357441284582
flat_pp,185,"Netherlands, The",365.9666244739028,367.07787308170964,0.0,0.028500378368158278
flat_pp,185,France,361.9608732383714,356.7470494062307,0.0,0.028176047733645734
flat_pp,185,Italy,363.2729881243508,347.71146622335766,0.0,0.028259816934644345
flat_pp,185,"Poland, Republic of",316.569289534337,319.67316799285584,0.0,0.025176513202928318
flat_pp,185,Brazil,311.3696504091675,294.7776399217793,0.0,0.024606599379622764
flat_pp,185,United Kingdom,351.81543755240136,361.4973169874023,0.0,0.027513695392957397
flat_pp,185,Saudi Arabia,285.8875689919384,298.2099029768376,0.0,0.022748185277903704
flat_pp,185,Denmark,292.1742101439542,265.3062626908792,0.0,0.023437635579661425
flat_pp,185,"Türkiye, Republic of",313.08930365098945,319.60564110059016,0.0,0.024802574684295385
flat_pp,185,Australia,279.47952482159087,300.4537699897327,0.0,0.022508719901726676
flat_pp,185,Chile,226.11039268426666,230.87042597184714,0.018002322880371662,0.018886320696719708
flat_pp,185,Ukraine,208.35027690059192,211.74607686418864,0.07317073170731707,0.017674044194129157
flat_pp,185,New Zealand,211.1095865120656,219.63888357978635,0.0545876887340302,0.017831830233256372
flat_pp,185,Thailand,302.3828675181145,281.8225752100454,0.0,0.023994631250967093
flat_pp,185,Côte d'Ivoire,149.9928957983884,192.48097544731613,0.26016260162601623,0.013580420229574106
flat_pp,185,India,339.31543089346246,335.4528254573008,0.0,0.026488448267846094
flat_pp,185,Spain,334.7631888948106,336.9100538920766,0.0,0.02632335529067135
flat_pp,185,Tunisia,180.2719431108134,195.96900920331618,0.05749128919860627,0.015705527684373957
flat_pp,185,Indonesia,288.30560918162365,275.08460695994376,0.0,0.022997611977249945
flat_pp,185,Canada,298.2503161916644,310.4093850592754,0.0,0.023808722534702537
flat_pp,185,Finland,272.99299215186306,241.95742616237905,0.0,0.022100716366512806
flat_pp,185,Germany,401.85314096617174,381.82132333531894,0.0,0.03093638374922281
flat_pp,185,Morocco,225.8401764219329,249.08646600488063,0.0011614401858304297,0.018859587498466127
flat_pp,185,Kenya,131.17959942432975,193.53536162373135,0.2961672473867596,0.01236902780681036
flat_pp,185,Norway,278.14533661697635,260.64043812829897,0.0,0.02253541642885516
flat_pp,185,Belgium,346.12080077172146,340.5129247987383,0.0,0.027103879172475885
flat_pp,185,"China, People's Republic of",423.529391902533,385.49207237654673,0.0,0.032220722196701856
flat_pp,185,Romania,253.45636089967917,261.7046334141466,0.0029036004645760743,0.020832793994963204
flat_pp,185,"Lithuania, Republic of",228.8222724131146,219.51773527752624,0.004065040650406504,0.019114927326247626
flat_pp,185,Greece,237.45352597370376,257.34951991613127,0.0,0.01971705835362502
flat_pp,185,Sweden,309.59377789119986,280.8627943319072,0.0,0.02463950789227923
flat_pp,185,Mexico,263.47166804672105,300.39136193652314,0.0,0.021480788197436384
flat_pp,185,United Arab Emirates,301.2633468948412,317.2806298939834,0.0,0.023896057952653003
flat_pp,185,Oman,177.20295975481613,213.46245293894185,0.051103368176538905,0.015362060399781191
flat_pp,185,Ireland,284.4093217989602,259.784497516024,0.0,0.022811084720964596
flat_pp,185,Switzerland,331.2791564238177,313.1584828705831,0.0,0.026066904188746902
flat_pp,185,Singapore,306.305773001681,302.2374541002399,0.0,0.024332060042120705
flat_pp,185,"Korea, Republic of",335.5294878716595,323.9329577656403,0.0,0.026297854210859173
flat_pp,185,South Africa,254.42130410590815,274.1195496917674,0.0,0.02073893811581249
flat_pp,185,Austria,298.6024806839478,255.99374942227735,0.0,0.0238134452391872
flat_pp,185,Japan,343.5959240596077,333.6642456345697,0.0,0.02685123209653048
flat_pp,185,United States,399.19003549058857,408.3899021259432,0.0,0.030717117793429033
