source_block,target_block,total_weight,num_edges,sbm_type
128,142,5.550087427808745,34,flat_exponential
128,128,317.5281300342556,113,flat_exponential
128,184,219.03456168908974,84,flat_exponential
128,37,10.85423143451263,55,flat_exponential
128,201,15.256509064250235,38,flat_exponential
128,84,36.92133389258386,69,flat_exponential
128,18,138.6126692509548,83,flat_exponential
128,21,3.8089174342035523,43,flat_exponential
128,56,42.94006727083034,73,flat_exponential
128,65,6.196712585858476,14,flat_exponential
128,160,585.7248308450567,134,flat_exponential
128,34,20.26569194430994,17,flat_exponential
128,12,95.66173573138424,118,flat_exponential
128,48,1.7378508090802212,23,flat_exponential
128,13,352.07326644347063,96,flat_exponential
128,49,743.775145215018,154,flat_exponential
128,145,55.83152444704306,57,flat_exponential
128,133,144.3669798667684,72,flat_exponential
128,205,6.533934585370858,22,flat_exponential
128,31,25.316613408594943,39,flat_exponential
128,86,4.406908791633465,22,flat_exponential
48,201,118.44650686884857,35,flat_exponential
48,160,147.41438746507188,80,flat_exponential
48,184,165.1388791320502,55,flat_exponential
48,49,367.2804412558496,101,flat_exponential
48,58,0.03176296938946166,11,flat_exponential
48,84,3.2583477083019696,21,flat_exponential
48,86,0.09023663385084892,13,flat_exponential
48,142,1.8747959422444904,14,flat_exponential
48,18,25.938646903394307,37,flat_exponential
48,205,0.40873832252418896,11,flat_exponential
48,37,3.0538736461581593,20,flat_exponential
48,12,137.41974275920776,78,flat_exponential
48,48,25.708191000014434,27,flat_exponential
48,128,1.0434662925030083,23,flat_exponential
48,199,0.5547893571382615,8,flat_exponential
48,21,20.656515210552232,30,flat_exponential
48,31,0.0962970960551234,13,flat_exponential
48,145,12.470486695594444,24,flat_exponential
48,13,19.999143875600705,26,flat_exponential
48,56,7.063130785902556,30,flat_exponential
48,133,84.00720339716092,48,flat_exponential
48,113,0.056768868992477156,6,flat_exponential
113,201,0.16627645160780474,6,flat_exponential
113,184,54.59824227471682,53,flat_exponential
113,160,137.41739326109138,70,flat_exponential
113,18,14.115662867996408,35,flat_exponential
113,128,102.9535290578765,72,flat_exponential
113,205,0.04322563527876142,9,flat_exponential
113,31,13.051794710303337,26,flat_exponential
113,84,2.656024841861454,22,flat_exponential
113,113,46.51802550136115,50,flat_exponential
113,86,0.039078463652009926,5,flat_exponential
113,21,3.513637647168469,8,flat_exponential
113,48,0.023856004862601705,3,flat_exponential
113,13,44.34689456748636,54,flat_exponential
113,12,8.166786182051926,68,flat_exponential
113,142,4.543289095095317,28,flat_exponential
113,58,0.020867625306575835,4,flat_exponential
113,49,253.89257323779094,101,flat_exponential
113,199,0.06505646777738881,10,flat_exponential
113,37,1.1802804088649366,10,flat_exponential
113,145,8.891710715254648,29,flat_exponential
113,56,3.2199762331002706,13,flat_exponential
113,133,20.037962510241233,48,flat_exponential
113,65,0.8107673252582043,7,flat_exponential
205,142,0.5390988115146805,7,flat_exponential
205,84,162.36489803200723,75,flat_exponential
205,184,119.14601442533595,55,flat_exponential
205,31,1.0596705387116696,12,flat_exponential
205,21,2.944264931752865,26,flat_exponential
205,160,265.1836509261178,88,flat_exponential
205,37,40.473817333622144,65,flat_exponential
205,18,129.64181398442395,50,flat_exponential
205,48,0.0027779269509612087,4,flat_exponential
205,49,460.33430770577206,102,flat_exponential
205,86,1.1097372310499138,18,flat_exponential
205,128,0.6280754829889432,20,flat_exponential
205,201,4.29291406806918,26,flat_exponential
205,199,18.247630892885464,23,flat_exponential
205,12,65.92448292835653,80,flat_exponential
205,13,34.9081657000298,45,flat_exponential
205,145,28.98758751386649,40,flat_exponential
205,205,30.260823310381404,28,flat_exponential
205,133,69.75619289029642,48,flat_exponential
205,56,92.3290162519119,55,flat_exponential
205,65,2.0856452164832073,10,flat_exponential
205,113,0.4053793446317693,6,flat_exponential
205,34,0.06623293719854276,2,flat_exponential
34,201,8.399471827185696,9,flat_exponential
34,160,258.2961371541223,67,flat_exponential
34,184,50.22783335523784,41,flat_exponential
34,58,7.377558019016636,11,flat_exponential
34,18,28.039413453923764,32,flat_exponential
34,128,7.291595252472024,20,flat_exponential
34,205,0.24520985914293397,7,flat_exponential
34,34,6.506091230891615,8,flat_exponential
34,199,0.3338801117764476,5,flat_exponential
34,48,1.3903824682451191,9,flat_exponential
34,86,1.202699495205389,10,flat_exponential
34,37,0.3752936903099931,17,flat_exponential
34,84,2.7575332163914528,13,flat_exponential
34,142,0.4148005876503684,12,flat_exponential
34,49,251.34711854648788,76,flat_exponential
34,13,61.87330626027027,32,flat_exponential
34,12,21.51741996554323,53,flat_exponential
34,56,9.769452358208868,24,flat_exponential
34,31,0.029816397806659824,6,flat_exponential
34,145,22.54946353113395,26,flat_exponential
34,113,0.017892802199419598,5,flat_exponential
34,133,25.557320177480047,36,flat_exponential
34,21,0.08537921633815741,10,flat_exponential
84,201,23.362662282702956,58,flat_exponential
84,160,495.62632001004806,132,flat_exponential
84,184,253.87084889884824,80,flat_exponential
84,49,800.2641156552029,150,flat_exponential
84,58,9.339549317218363,34,flat_exponential
84,18,254.8347453385331,76,flat_exponential
84,37,97.44269581551167,98,flat_exponential
84,142,8.754363114317187,38,flat_exponential
84,56,179.6253866495201,84,flat_exponential
84,84,287.5865041237223,119,flat_exponential
84,21,19.16746690675293,58,flat_exponential
84,128,23.638675452019495,64,flat_exponential
84,205,120.94891286594805,75,flat_exponential
84,199,25.48582190621528,45,flat_exponential
84,48,20.488754249857973,44,flat_exponential
84,65,25.62703365428001,48,flat_exponential
84,113,4.776366613670298,23,flat_exponential
84,86,19.99495765442426,31,flat_exponential
84,12,196.47925865919566,110,flat_exponential
84,13,154.50469536995936,84,flat_exponential
84,31,9.904056656598522,21,flat_exponential
84,145,65.43514599661162,57,flat_exponential
84,133,166.50836245284802,66,flat_exponential
84,34,7.821700183338497,13,flat_exponential
160,86,92.96440673088324,88,flat_exponential
160,84,407.6074230148267,137,flat_exponential
160,21,99.5893980855947,91,flat_exponential
160,56,405.10081884634536,104,flat_exponential
160,18,517.5836346549678,90,flat_exponential
160,49,1432.5199920541731,169,flat_exponential
160,184,578.3536690846778,91,flat_exponential
160,34,225.73236739669312,58,flat_exponential
160,128,391.3125728827053,150,flat_exponential
160,37,333.2127175137804,130,flat_exponential
160,31,52.82879536758103,70,flat_exponential
160,142,28.615419912491458,73,flat_exponential
160,199,22.986698647830387,45,flat_exponential
160,48,91.84673996119203,85,flat_exponential
160,201,233.29443019734924,99,flat_exponential
160,160,1255.0051475875073,144,flat_exponential
160,205,114.72910965007685,89,flat_exponential
160,58,61.36165287589722,80,flat_exponential
160,13,552.602096186878,104,flat_exponential
160,12,512.8222488050753,130,flat_exponential
160,65,75.57665072746956,71,flat_exponential
160,145,370.1334415121852,87,flat_exponential
160,133,445.6656435688387,78,flat_exponential
160,113,11.437276068518418,54,flat_exponential
49,86,194.44900163688885,99,flat_exponential
49,84,736.0743011731164,148,flat_exponential
49,21,339.2411159748546,91,flat_exponential
49,56,581.4746967982416,103,flat_exponential
49,205,267.8601009763398,101,flat_exponential
49,18,670.9095059023645,91,flat_exponential
49,49,1549.4221754112518,156,flat_exponential
49,184,760.5345825672715,91,flat_exponential
49,128,610.1662490487691,150,flat_exponential
49,37,579.0592636347632,140,flat_exponential
49,31,100.59250168334704,83,flat_exponential
49,142,21.314333145557182,84,flat_exponential
49,199,89.69544388131679,77,flat_exponential
49,48,258.5348330599865,95,flat_exponential
49,201,536.6201022436403,115,flat_exponential
49,160,1337.182848079105,156,flat_exponential
49,113,52.246731654901545,83,flat_exponential
49,58,61.75295333114923,73,flat_exponential
49,13,649.7150644220073,104,flat_exponential
49,12,851.5845569996434,130,flat_exponential
49,65,223.34784799183655,92,flat_exponential
49,34,198.521309791666,59,flat_exponential
49,145,472.43869728660616,90,flat_exponential
49,133,623.9980215016772,78,flat_exponential
56,48,13.353683512867844,36,flat_exponential
56,201,115.19860584150075,65,flat_exponential
56,184,249.34216986027477,56,flat_exponential
56,160,467.2013089430512,90,flat_exponential
56,21,22.14816182245655,52,flat_exponential
56,56,221.19896855302974,56,flat_exponential
56,49,701.1249639940329,104,flat_exponential
56,205,24.028701828200145,44,flat_exponential
56,58,0.3264252682517611,26,flat_exponential
56,84,65.49692996142844,82,flat_exponential
56,128,17.594336161635486,56,flat_exponential
56,142,0.19671959694837868,21,flat_exponential
56,18,214.18979042393605,50,flat_exponential
56,65,11.93333601108759,23,flat_exponential
56,37,96.04438906379343,73,flat_exponential
56,13,151.7251237095706,63,flat_exponential
56,12,228.87661670552228,80,flat_exponential
56,199,1.7127793399590674,16,flat_exponential
56,31,0.49767095314466864,18,flat_exponential
56,86,12.92963856871593,31,flat_exponential
56,133,183.4768482281301,48,flat_exponential
56,145,92.30856784082097,48,flat_exponential
56,34,2.3657388125368444,9,flat_exponential
56,113,0.3337164908915513,15,flat_exponential
145,48,7.587227087926139,33,flat_exponential
145,201,49.15227498435431,41,flat_exponential
145,199,0.37022749676739586,13,flat_exponential
145,184,190.69478058926882,49,flat_exponential
145,160,413.08245996773906,82,flat_exponential
145,49,519.8494152123783,89,flat_exponential
145,37,22.840368863515963,42,flat_exponential
145,56,111.83154228045281,53,flat_exponential
145,128,23.436451344497314,45,flat_exponential
145,21,23.69561759974495,40,flat_exponential
145,205,7.173514724169053,24,flat_exponential
145,18,158.76289981232358,47,flat_exponential
145,86,17.065423598545888,23,flat_exponential
145,65,4.282864846752293,17,flat_exponential
145,84,23.657360217653665,49,flat_exponential
145,13,114.09697864828186,52,flat_exponential
145,12,159.18062128369675,70,flat_exponential
145,113,0.8218594647186727,14,flat_exponential
145,142,7.342962062483937,20,flat_exponential
145,31,10.200074262209466,15,flat_exponential
145,133,122.85141222652658,42,flat_exponential
145,145,67.38507228388775,37,flat_exponential
145,58,10.5240448200694,15,flat_exponential
184,142,0.7589304208253739,40,flat_exponential
184,86,38.771304549522284,44,flat_exponential
184,184,307.28293428480737,42,flat_exponential
184,21,141.6756245170516,48,flat_exponential
184,56,151.66565602989238,56,flat_exponential
184,199,0.3069826900504943,18,flat_exponential
184,49,747.5660829593519,91,flat_exponential
184,205,10.276975216237746,39,flat_exponential
184,58,3.9083448018630067,28,flat_exponential
184,160,505.31734565795307,84,flat_exponential
184,128,102.13835156420282,74,flat_exponential
184,201,177.22723970138296,55,flat_exponential
184,84,130.57568073011714,80,flat_exponential
184,18,239.55866781611863,49,flat_exponential
184,37,92.48766818258743,71,flat_exponential
184,65,20.54283269488345,31,flat_exponential
184,113,7.629037766418155,31,flat_exponential
184,48,93.74141045487843,51,flat_exponential
184,13,194.23468385075003,56,flat_exponential
184,34,24.069790021868215,23,flat_exponential
184,12,419.8829750032128,69,flat_exponential
184,31,5.271442476322434,32,flat_exponential
184,145,156.51306714548988,45,flat_exponential
184,133,289.06845135095483,42,flat_exponential
37,84,107.78718222700866,111,flat_exponential
37,56,136.0624669746359,82,flat_exponential
37,18,255.56084631802455,71,flat_exponential
37,49,653.1075588384472,131,flat_exponential
37,184,169.77101664027495,67,flat_exponential
37,128,4.836013388287274,40,flat_exponential
37,205,13.242595934027838,52,flat_exponential
37,160,443.46777899153494,123,flat_exponential
37,86,9.364307147347184,42,flat_exponential
37,58,1.9506218201464434,28,flat_exponential
37,201,37.780877798793036,50,flat_exponential
37,37,233.04216854632745,99,flat_exponential
37,13,50.35565103467837,69,flat_exponential
37,12,114.49353711536178,94,flat_exponential
37,142,2.6641698174110147,32,flat_exponential
37,199,2.955495475644465,25,flat_exponential
37,145,46.43289630713819,44,flat_exponential
37,31,3.731843973389857,18,flat_exponential
37,48,4.445695652278452,25,flat_exponential
37,133,105.85335238676019,54,flat_exponential
37,21,9.414287744506877,45,flat_exponential
37,65,113.98537862434785,60,flat_exponential
37,113,0.2843631378367182,14,flat_exponential
12,84,73.13724759835316,83,flat_exponential
12,184,430.6105908643938,70,flat_exponential
12,18,226.16030234535418,70,flat_exponential
12,49,880.8332226880115,130,flat_exponential
12,201,181.70242817211965,73,flat_exponential
12,128,39.88868329572552,72,flat_exponential
12,56,101.49478334806413,76,flat_exponential
12,37,55.153167196291,74,flat_exponential
12,199,4.152024911882891,21,flat_exponential
12,48,65.98374594545173,64,flat_exponential
12,160,494.2342582727324,116,flat_exponential
12,21,175.71345454328878,69,flat_exponential
12,86,3.3851119257660023,41,flat_exponential
12,205,10.56114923824312,38,flat_exponential
12,58,2.6291229410958343,34,flat_exponential
12,12,468.05354565107166,90,flat_exponential
12,13,123.54182402845595,76,flat_exponential
12,113,2.5393112396895843,29,flat_exponential
12,142,0.21882116935379953,32,flat_exponential
12,145,113.35408125221011,62,flat_exponential
12,31,0.8278689838413656,33,flat_exponential
12,133,350.8879886115229,60,flat_exponential
12,34,4.408657879679312,12,flat_exponential
31,184,63.644425642621385,46,flat_exponential
31,86,2.112347540576774,5,flat_exponential
31,160,188.0056460398109,73,flat_exponential
31,142,0.7129363866918474,16,flat_exponential
31,18,26.925968546382254,35,flat_exponential
31,21,3.998026216462184,18,flat_exponential
31,49,302.3333315650133,89,flat_exponential
31,128,92.21306647850074,55,flat_exponential
31,113,14.758402182584677,35,flat_exponential
31,37,15.84082714485055,21,flat_exponential
31,13,63.811513329888406,46,flat_exponential
31,84,28.84393451010793,33,flat_exponential
31,12,24.27924727964672,61,flat_exponential
31,31,2.7137619445907033,15,flat_exponential
31,199,0.6677031966730704,9,flat_exponential
31,145,16.797618212190024,29,flat_exponential
31,133,36.543140767063036,42,flat_exponential
31,205,7.778576162106554,16,flat_exponential
13,184,232.69634814395164,56,flat_exponential
13,201,22.60991974917239,43,flat_exponential
13,37,9.499391905222616,51,flat_exponential
13,160,547.9353366283099,93,flat_exponential
13,18,199.51018285959566,56,flat_exponential
13,49,663.820635605822,104,flat_exponential
13,128,158.94467594313548,84,flat_exponential
13,142,3.964017716999423,26,flat_exponential
13,13,277.05630638054004,56,flat_exponential
13,84,51.27982056418908,60,flat_exponential
13,21,9.16523564002148,48,flat_exponential
13,56,74.26476048348614,61,flat_exponential
13,12,147.1033330752216,80,flat_exponential
13,48,12.464523303422679,40,flat_exponential
13,199,1.4363265372386773,15,flat_exponential
13,31,7.2643840906986235,28,flat_exponential
13,145,113.0524850391202,50,flat_exponential
13,133,175.81634856343072,48,flat_exponential
13,34,50.29382418841359,16,flat_exponential
13,113,5.391981753490049,27,flat_exponential
13,86,5.838630928409307,21,flat_exponential
18,184,280.9423583616877,49,flat_exponential
18,48,28.25015229429615,43,flat_exponential
18,142,2.2360050297601157,27,flat_exponential
18,201,133.01082737822247,51,flat_exponential
18,37,187.70117327712995,71,flat_exponential
18,160,534.3687619210949,82,flat_exponential
18,21,45.56055027809104,44,flat_exponential
18,84,163.78009616723256,77,flat_exponential
18,205,60.82047356454613,45,flat_exponential
18,86,31.831914026280973,39,flat_exponential
18,58,2.5152745181301697,15,flat_exponential
18,49,705.6027562289519,91,flat_exponential
18,128,45.218937013715625,62,flat_exponential
18,18,195.8641720782554,36,flat_exponential
18,113,1.3643737938502516,21,flat_exponential
18,31,2.149514142952779,23,flat_exponential
18,13,199.22644248842747,56,flat_exponential
18,65,60.34383507871881,43,flat_exponential
18,199,9.623830776591282,24,flat_exponential
18,56,217.33830673375445,50,flat_exponential
18,12,277.78081918476653,70,flat_exponential
18,145,123.87886093464468,43,flat_exponential
18,133,216.90562413596157,42,flat_exponential
18,34,6.48131899178244,11,flat_exponential
12,65,15.034327608875655,21,flat_exponential
37,34,1.4329319114982102,8,flat_exponential
13,205,15.5617128959269,21,flat_exponential
13,58,10.885535046906364,23,flat_exponential
13,65,0.12932070744398788,8,flat_exponential
201,21,43.29622126324736,54,flat_exponential
201,142,0.13490473328377,9,flat_exponential
201,201,224.85948353253107,58,flat_exponential
201,160,372.8947712419622,100,flat_exponential
201,86,1.9269216968004936,17,flat_exponential
201,128,8.549209342825417,36,flat_exponential
201,184,258.6887673019801,63,flat_exponential
201,58,0.1034374064072041,7,flat_exponential
201,18,139.61906021458577,58,flat_exponential
201,48,119.04345221639247,48,flat_exponential
201,49,653.2909502564155,116,flat_exponential
201,84,10.308826360668261,42,flat_exponential
201,31,0.4092905966012618,12,flat_exponential
201,56,88.12958778645401,64,flat_exponential
201,205,0.9657343951330748,11,flat_exponential
201,12,257.67689505262274,88,flat_exponential
201,37,30.65699516036948,45,flat_exponential
201,199,11.240383217801757,7,flat_exponential
201,13,89.67907465268239,51,flat_exponential
201,145,58.37383091428897,43,flat_exponential
201,133,185.90498838173292,54,flat_exponential
201,65,7.646661746432573,15,flat_exponential
201,113,0.2606915198580558,9,flat_exponential
86,142,0.0065115169356616135,8,flat_exponential
86,184,117.85140466915558,57,flat_exponential
86,18,86.41727451045891,44,flat_exponential
86,205,8.60692285919493,12,flat_exponential
86,48,1.795976006407286,13,flat_exponential
86,21,3.897426438593692,20,flat_exponential
86,49,426.2147842065077,105,flat_exponential
86,128,1.297065966864716,23,flat_exponential
86,34,6.352364408179474,5,flat_exponential
86,86,1.161061209914438,8,flat_exponential
86,160,241.23039264216078,83,flat_exponential
86,12,64.85254677470442,77,flat_exponential
86,199,4.39446496581706,8,flat_exponential
86,201,8.292125929366733,15,flat_exponential
86,58,9.37429825064712,14,flat_exponential
86,84,46.41185715574154,33,flat_exponential
86,37,44.2140159805359,39,flat_exponential
86,113,0.20768898878020603,6,flat_exponential
86,13,32.66009377287133,37,flat_exponential
86,56,50.408125554398524,40,flat_exponential
86,133,55.47168557738471,47,flat_exponential
86,145,33.09428992134263,34,flat_exponential
128,58,0.39539318193559597,16,flat_exponential
128,113,29.757792450633076,57,flat_exponential
128,199,0.5635374175798693,21,flat_exponential
133,86,6.752023732619379,35,flat_exponential
133,84,85.98059218136783,67,flat_exponential
133,184,294.0476337202925,42,flat_exponential
133,48,28.007872636752975,44,flat_exponential
133,21,102.79842050338154,42,flat_exponential
133,160,407.7657190159255,72,flat_exponential
133,37,49.99657702967387,54,flat_exponential
133,18,191.5122762994992,42,flat_exponential
133,128,72.81707236850191,57,flat_exponential
133,49,609.1286707913555,78,flat_exponential
133,201,98.47526387411428,45,flat_exponential
133,65,24.968173418328256,25,flat_exponential
133,58,0.5649696258410459,25,flat_exponential
133,12,338.43694649101434,60,flat_exponential
133,142,2.84906154033624,36,flat_exponential
133,13,138.30110988269328,48,flat_exponential
133,113,0.5489705635122646,25,flat_exponential
133,31,5.026939434965728,25,flat_exponential
133,145,98.32553889238851,38,flat_exponential
133,205,13.661396477231346,30,flat_exponential
133,133,191.54688394232986,30,flat_exponential
133,199,7.438967658871961,18,flat_exponential
133,56,113.34174845779658,48,flat_exponential
133,34,17.519940022732523,14,flat_exponential
65,84,14.679313174883092,56,flat_exponential
65,184,52.141867960297176,49,flat_exponential
65,160,114.5009841133286,85,flat_exponential
65,37,125.97736585719035,67,flat_exponential
65,18,92.77338590052818,46,flat_exponential
65,49,272.9853203356192,96,flat_exponential
65,205,0.756486055297128,18,flat_exponential
65,201,3.7564182054517046,8,flat_exponential
65,65,41.09805618894344,33,flat_exponential
65,12,26.232113197416126,54,flat_exponential
65,145,12.102307074252252,26,flat_exponential
65,133,38.26711992046667,41,flat_exponential
65,56,9.566028808495265,37,flat_exponential
65,199,0.8424846544019625,9,flat_exponential
65,113,0.30878947847551697,6,flat_exponential
65,21,0.5314834894467882,13,flat_exponential
65,13,2.188532939195606,23,flat_exponential
142,34,3.3432844452813044,3,flat_exponential
142,21,0.662527074567802,13,flat_exponential
142,49,136.8859333664316,99,flat_exponential
142,160,136.60076140438184,82,flat_exponential
142,184,21.95682130500407,43,flat_exponential
142,18,3.3712827495813134,19,flat_exponential
142,12,2.8612119330511714,33,flat_exponential
142,145,13.80271634947389,21,flat_exponential
142,58,6.509389216847628,11,flat_exponential
142,133,10.438528906490497,41,flat_exponential
142,37,0.33379689863674067,16,flat_exponential
142,13,19.147948515084124,28,flat_exponential
58,49,137.17889571895114,114,flat_exponential
58,18,10.297868842312523,21,flat_exponential
58,160,149.01968712966698,96,flat_exponential
58,142,5.240515340106476,2,flat_exponential
58,184,18.00350738282739,45,flat_exponential
58,205,0.0694360448302212,4,flat_exponential
58,31,0.2953573684134879,3,flat_exponential
58,86,5.996653109419424,6,flat_exponential
58,145,8.271382339622157,28,flat_exponential
58,133,1.9201032027344853,32,flat_exponential
58,58,1.4382497185349363,8,flat_exponential
58,199,1.3636409491958381,1,flat_exponential
58,13,23.418915112730847,16,flat_exponential
58,12,1.5466142503782194,27,flat_exponential
58,34,21.729544504817365,12,flat_exponential
113,34,1.342194866041032,1,flat_exponential
205,58,0.0508892510745767,3,flat_exponential
201,34,1.3331174803047612,5,flat_exponential
65,58,0.09117233607468908,5,flat_exponential
65,31,0.12942611480274463,10,flat_exponential
65,142,0.08634081823969608,9,flat_exponential
65,128,3.6620479799479875,17,flat_exponential
65,48,0.1466943791508035,1,flat_exponential
199,205,16.88661384105193,25,flat_exponential
199,160,93.03091844538889,72,flat_exponential
199,184,41.29177685540424,47,flat_exponential
199,18,53.157772980664625,38,flat_exponential
199,49,236.90656562715992,88,flat_exponential
199,84,64.19411186536898,54,flat_exponential
199,142,0.08988019194777382,8,flat_exponential
199,58,0.11348018192412444,6,flat_exponential
199,128,5.398161562225756,14,flat_exponential
199,56,30.86952612119201,34,flat_exponential
199,13,13.365116353442241,27,flat_exponential
199,86,0.7502922557076471,9,flat_exponential
199,12,18.899817619027154,48,flat_exponential
199,133,37.51069509226091,35,flat_exponential
199,37,8.46907241982452,29,flat_exponential
199,145,19.724790992317743,24,flat_exponential
199,199,4.958649810699445,11,flat_exponential
199,34,0.031883283007654195,1,flat_exponential
199,31,0.1267755999789556,4,flat_exponential
145,34,25.180870715048364,10,flat_exponential
199,21,6.127648502546059,19,flat_exponential
199,201,9.102601792867057,8,flat_exponential
199,113,0.32315789893495167,3,flat_exponential
48,65,3.2122460587399595,7,flat_exponential
86,65,6.314855093820384,8,flat_exponential
86,31,0.3162711147399877,9,flat_exponential
21,21,96.71245235622709,38,flat_exponential
21,160,134.99464615109633,66,flat_exponential
21,49,427.7187203974963,89,flat_exponential
21,18,49.733479632229106,41,flat_exponential
21,142,0.10982259576528554,31,flat_exponential
21,84,11.192596622743824,37,flat_exponential
21,199,9.515680853453395,22,flat_exponential
21,184,197.43655442046156,48,flat_exponential
21,12,232.9350762268397,68,flat_exponential
21,201,34.791532275508665,41,flat_exponential
21,205,1.547831656606682,19,flat_exponential
21,128,13.448271050776796,34,flat_exponential
21,48,25.781577514419347,41,flat_exponential
21,58,0.07571195636847311,19,flat_exponential
21,56,31.657270187864857,36,flat_exponential
21,86,0.0643306654806545,10,flat_exponential
21,145,26.02263647996256,35,flat_exponential
21,31,0.31551285448399796,21,flat_exponential
21,13,32.39939411643902,44,flat_exponential
21,113,2.6071507984964426,17,flat_exponential
21,133,146.28480614147122,42,flat_exponential
21,65,1.2331250356998622,6,flat_exponential
21,37,0.5736432607717454,19,flat_exponential
31,201,0.6531870807634904,9,flat_exponential
31,48,0.71019247229382,9,flat_exponential
31,56,4.976318769497134,19,flat_exponential
31,65,0.0786040257248398,4,flat_exponential
65,34,0.15796139098123332,3,flat_exponential
65,86,4.605242190374183,6,flat_exponential
58,201,0.46616732617523843,4,flat_exponential
58,84,7.4614445579476945,17,flat_exponential
58,128,0.09594259590711851,13,flat_exponential
142,128,15.371010003168571,32,flat_exponential
142,48,0.225007943030743,3,flat_exponential
142,84,2.428031547444484,12,flat_exponential
142,142,4.0642041911079,15,flat_exponential
142,199,0.1954223118069214,8,flat_exponential
142,201,0.03117926167440909,3,flat_exponential
142,113,11.591753277106564,25,flat_exponential
142,31,1.1988075392170596,13,flat_exponential
142,205,0.41016535923761466,8,flat_exponential
142,86,0.005030691081105719,5,flat_exponential
34,65,1.3491903187622531,4,flat_exponential
31,58,0.2843624216782319,2,flat_exponential
21,34,0.001894204860697929,1,flat_exponential
142,56,0.5229617925937114,3,flat_exponential
58,56,0.2510454926690877,9,flat_exponential
58,37,3.0557494094938566,11,flat_exponential
58,21,0.014722821525952194,3,flat_exponential
58,65,0.6601485629069643,2,flat_exponential
58,113,0.02983922594762068,3,flat_exponential
199,65,0.012199608183072756,4,flat_exponential
31,34,0.10258106658360568,4,flat_exponential
8,53,7.5687773428666985,28,flat_lognormal
8,122,15.766810656749636,28,flat_lognormal
8,156,113.52473096426607,40,flat_lognormal
8,6,105.03395040574476,100,flat_lognormal
8,142,23.733455398559524,70,flat_lognormal
8,175,132.56232052284065,111,flat_lognormal
8,108,214.52558507793623,63,flat_lognormal
8,143,28.704188566187582,37,flat_lognormal
8,103,416.4045823584094,83,flat_lognormal
8,5,51.38651502096708,48,flat_lognormal
8,135,9.643645578953075,25,flat_lognormal
8,4,4.094985440144061,26,flat_lognormal
8,102,170.051050385115,102,flat_lognormal
8,70,34.601823478702855,36,flat_lognormal
8,8,57.679279642077695,38,flat_lognormal
8,22,394.17017331055865,80,flat_lognormal
8,134,108.28229998508306,48,flat_lognormal
8,191,21.648148195845096,29,flat_lognormal
135,142,113.61113203622541,52,flat_lognormal
135,103,127.33666840924153,64,flat_lognormal
135,156,97.14801279605814,35,flat_lognormal
135,22,291.05456530301933,69,flat_lognormal
135,53,3.179365921211831,19,flat_lognormal
135,175,37.06763989076796,45,flat_lognormal
135,191,6.657546337820273,17,flat_lognormal
135,64,0.31329652813787173,10,flat_lognormal
135,108,58.62892251850652,44,flat_lognormal
135,143,2.606827437393155,9,flat_lognormal
135,6,10.33100698394383,24,flat_lognormal
135,5,59.998961712115936,41,flat_lognormal
135,135,12.00339510751112,15,flat_lognormal
135,4,3.3423428625094367,17,flat_lognormal
135,102,177.35505834754366,87,flat_lognormal
135,8,1.3977767132683925,8,flat_lognormal
135,70,10.545857635745227,15,flat_lognormal
135,154,0.7952290792503869,10,flat_lognormal
135,134,20.471104330787924,20,flat_lognormal
154,142,7.561862844701005,33,flat_lognormal
154,156,77.14927548201557,63,flat_lognormal
154,103,204.4153202708644,108,flat_lognormal
154,108,102.89866379762115,82,flat_lognormal
154,122,92.13447585853311,58,flat_lognormal
154,6,12.278455274316764,45,flat_lognormal
154,154,82.13806350233261,122,flat_lognormal
154,4,85.99898982449172,91,flat_lognormal
154,175,22.693070595734362,67,flat_lognormal
154,64,3.715046313550131,21,flat_lognormal
154,135,0.38099316333575345,6,flat_lognormal
154,70,56.4469945104655,57,flat_lognormal
154,5,6.540036477594964,61,flat_lognormal
154,22,383.29078996372084,129,flat_lognormal
154,134,19.896781066081793,42,flat_lognormal
154,102,76.30300707865176,153,flat_lognormal
154,53,1.5427135114402772,25,flat_lognormal
154,8,0.11064746360532102,9,flat_lognormal
154,191,0.9612204979309561,21,flat_lognormal
6,64,27.645796258592366,68,flat_lognormal
6,175,501.2725390440713,293,flat_lognormal
6,156,237.80855168736713,97,flat_lognormal
6,154,6.700860662573035,42,flat_lognormal
6,142,58.05181145713669,145,flat_lognormal
6,103,783.284273162129,209,flat_lognormal
6,6,353.17679494398664,281,flat_lognormal
6,108,543.8281622501455,168,flat_lognormal
6,135,6.093135353748058,35,flat_lognormal
6,22,946.2907826796275,198,flat_lognormal
6,191,49.906847944758866,83,flat_lognormal
6,122,20.904853067045334,45,flat_lognormal
6,4,19.234525087115948,63,flat_lognormal
6,5,116.37618253757,117,flat_lognormal
6,134,150.39786985509667,116,flat_lognormal
6,8,97.1181683996131,100,flat_lognormal
6,53,3.6260870182442404,50,flat_lognormal
6,70,83.25487099621975,86,flat_lognormal
6,102,384.741086071983,242,flat_lognormal
6,143,44.45400644181322,51,flat_lognormal
122,142,3.4710262178491957,33,flat_lognormal
122,103,248.56734390729238,60,flat_lognormal
122,156,94.90496742426494,30,flat_lognormal
122,53,0.2259134961248307,23,flat_lognormal
122,108,140.67611693501277,48,flat_lognormal
122,122,70.43866453010997,27,flat_lognormal
122,143,2.087670129083531,13,flat_lognormal
122,191,1.1780637850557671,20,flat_lognormal
122,6,4.765513090913185,38,flat_lognormal
122,135,0.7830275276348748,18,flat_lognormal
122,4,115.84811592046673,56,flat_lognormal
122,64,1.2861730416931718,15,flat_lognormal
122,154,20.59927354721586,39,flat_lognormal
122,22,320.32093634997904,60,flat_lognormal
122,70,138.81319413820654,30,flat_lognormal
122,5,29.449871584698244,36,flat_lognormal
122,175,55.13662049527314,66,flat_lognormal
122,102,147.17014102136508,78,flat_lognormal
122,134,50.181319765099715,32,flat_lognormal
122,8,3.6177399445632052,16,flat_lognormal
8,64,26.931902080265694,26,flat_lognormal
8,154,6.371783868111837,19,flat_lognormal
103,143,289.45595121657976,109,flat_lognormal
103,175,727.3005603634947,183,flat_lognormal
103,142,335.3161140384721,142,flat_lognormal
103,108,632.6666536094316,88,flat_lognormal
103,22,940.4921628454674,110,flat_lognormal
103,156,380.0768627850798,55,flat_lognormal
103,64,69.94166679986681,83,flat_lognormal
103,4,220.2233216355889,115,flat_lognormal
103,6,515.3015765915005,199,flat_lognormal
103,122,211.59115863043007,66,flat_lognormal
103,154,18.072681595532465,76,flat_lognormal
103,191,104.57395425272131,97,flat_lognormal
103,135,66.10162519205845,66,flat_lognormal
103,53,53.78287417779145,91,flat_lognormal
103,103,994.7299720226548,110,flat_lognormal
103,8,364.35897446957557,84,flat_lognormal
103,70,318.345324807534,55,flat_lognormal
103,134,406.78843500750537,66,flat_lognormal
103,5,245.86284337861656,66,flat_lognormal
103,102,767.9787416780389,143,flat_lognormal
22,143,302.0670247579387,102,flat_lognormal
22,175,941.6915466778973,170,flat_lognormal
22,142,611.4343295465878,130,flat_lognormal
22,6,656.5125347601364,199,flat_lognormal
22,108,646.1504453265511,80,flat_lognormal
22,22,941.540299707294,90,flat_lognormal
22,156,459.2126508545931,50,flat_lognormal
22,4,356.07565183984445,106,flat_lognormal
22,122,293.9023357757139,60,flat_lognormal
22,154,86.29133617487835,112,flat_lognormal
22,64,84.30596158457647,90,flat_lognormal
22,191,150.96243097897485,102,flat_lognormal
22,135,158.8455421157422,70,flat_lognormal
22,53,63.99267940942996,89,flat_lognormal
22,103,962.5587433056489,110,flat_lognormal
22,8,376.783968745554,78,flat_lognormal
22,70,350.4250238616252,50,flat_lognormal
22,134,407.5345057293175,60,flat_lognormal
22,5,387.65270354132394,60,flat_lognormal
22,102,1054.2548644300266,130,flat_lognormal
175,135,30.09406940208706,71,flat_lognormal
175,142,175.5644392787797,206,flat_lognormal
175,156,386.88119680753664,85,flat_lognormal
175,103,934.0923645712105,178,flat_lognormal
175,175,623.3607792546958,253,flat_lognormal
175,22,1110.0410806740545,169,flat_lognormal
175,143,32.97248869840754,70,flat_lognormal
175,64,21.08012847691302,60,flat_lognormal
175,122,57.60080953206884,85,flat_lognormal
175,108,646.2654424769939,136,flat_lognormal
175,6,273.5649937703935,245,flat_lognormal
175,53,2.471629807523411,56,flat_lognormal
175,70,214.18661887914513,85,flat_lognormal
175,8,104.8084618954108,96,flat_lognormal
175,5,230.69807026671995,102,flat_lognormal
175,102,759.3314942311454,214,flat_lognormal
175,4,36.30209893632918,92,flat_lognormal
175,191,37.27359854378431,80,flat_lognormal
175,134,287.7013141090345,102,flat_lognormal
175,154,16.42998464271981,63,flat_lognormal
156,64,11.499815340172074,33,flat_lognormal
156,191,10.79623838717372,38,flat_lognormal
156,156,166.4708016971199,20,flat_lognormal
156,142,210.60164990267486,65,flat_lognormal
156,175,243.19071850785107,82,flat_lognormal
156,22,456.27692049927447,50,flat_lognormal
156,143,45.00201868917186,41,flat_lognormal
156,103,362.4594093818619,55,flat_lognormal
156,122,54.06813468278938,30,flat_lognormal
156,108,222.0246711721573,40,flat_lognormal
156,6,103.34875171054617,80,flat_lognormal
156,154,10.954840517290268,39,flat_lognormal
156,53,10.2494827954944,35,flat_lognormal
156,4,54.08860671066701,48,flat_lognormal
156,135,54.40308555796966,32,flat_lognormal
156,70,105.90289359934123,25,flat_lognormal
156,8,83.09474061796524,35,flat_lognormal
156,5,176.8908403495694,30,flat_lognormal
156,102,464.41622593458754,65,flat_lognormal
156,134,138.3569508401808,30,flat_lognormal
108,175,475.21724523239874,145,flat_lognormal
108,142,208.5263043523278,113,flat_lognormal
108,108,392.52588957959,64,flat_lognormal
108,22,762.4867564139163,90,flat_lognormal
108,156,308.36778713199493,45,flat_lognormal
108,4,118.96247487744544,83,flat_lognormal
108,6,233.66110990098073,152,flat_lognormal
108,122,138.78681635242867,51,flat_lognormal
108,154,12.62325423276567,62,flat_lognormal
108,64,24.201430152806015,57,flat_lognormal
108,191,40.26290338689476,61,flat_lognormal
108,135,45.56715085998243,55,flat_lognormal
108,53,33.984020093559906,60,flat_lognormal
108,103,740.8131786826101,98,flat_lognormal
108,8,145.44871741861127,64,flat_lognormal
108,143,89.61388409844001,61,flat_lognormal
108,70,232.95927250218693,45,flat_lognormal
108,134,256.986632554923,53,flat_lognormal
108,5,201.96494852950616,53,flat_lognormal
108,102,652.1955090102467,116,flat_lognormal
102,175,457.7254160167285,204,flat_lognormal
102,156,474.0197290930131,65,flat_lognormal
102,108,500.42480332273834,103,flat_lognormal
102,22,1061.3045766105104,130,flat_lognormal
102,142,442.4285561276665,167,flat_lognormal
102,122,102.38226418647126,74,flat_lognormal
102,6,135.1074985702968,175,flat_lognormal
102,191,21.30484865236818,70,flat_lognormal
102,135,70.05179080295034,80,flat_lognormal
102,103,792.540596077541,140,flat_lognormal
102,8,115.18566844838963,82,flat_lognormal
102,4,69.12072926914522,97,flat_lognormal
102,143,60.51815515423814,86,flat_lognormal
102,64,9.139187757373705,58,flat_lognormal
102,5,395.8681634926568,78,flat_lognormal
102,70,207.79389049093518,65,flat_lognormal
102,134,247.75895166891354,75,flat_lognormal
102,154,7.130759959767636,83,flat_lognormal
102,53,11.307460696070383,68,flat_lognormal
102,102,963.4389959909341,156,flat_lognormal
53,175,3.8859250527865234,17,flat_lognormal
53,22,132.21459237842546,116,flat_lognormal
53,156,23.41963039914807,56,flat_lognormal
53,108,38.6311104669471,44,flat_lognormal
53,4,2.805590624411188,26,flat_lognormal
53,6,8.440285707944808,24,flat_lognormal
53,103,125.00028518844182,107,flat_lognormal
53,143,4.224596419684692,10,flat_lognormal
53,64,15.918967976877742,13,flat_lognormal
53,134,24.06803992527999,36,flat_lognormal
53,5,2.0479296492236867,21,flat_lognormal
53,154,4.685762622446481,27,flat_lognormal
53,142,5.275676604342356,13,flat_lognormal
53,102,22.21696183896989,82,flat_lognormal
53,53,1.8392469001076632,17,flat_lognormal
53,191,1.8184016610380032,9,flat_lognormal
53,122,4.2214128806277085,12,flat_lognormal
53,135,2.3549462715445895,2,flat_lognormal
5,156,188.55304536977937,30,flat_lognormal
5,135,34.641623185080434,34,flat_lognormal
5,64,2.458214154455559,24,flat_lognormal
5,142,189.40250576309114,78,flat_lognormal
5,6,36.94295901572539,58,flat_lognormal
5,103,268.2198602066278,64,flat_lognormal
5,53,8.84107520191739,25,flat_lognormal
5,108,144.62020485712526,48,flat_lognormal
5,143,5.080134922740983,26,flat_lognormal
5,191,3.7062611058261954,28,flat_lognormal
5,22,418.6427765302629,60,flat_lognormal
5,122,15.648253758741689,29,flat_lognormal
5,154,2.683475966140103,31,flat_lognormal
5,8,20.687990214896573,31,flat_lognormal
5,70,52.57149639870758,29,flat_lognormal
5,175,101.86037325828693,88,flat_lognormal
5,4,15.144715580566602,39,flat_lognormal
5,5,121.2483891720063,30,flat_lognormal
5,134,59.19764391545771,36,flat_lognormal
5,102,419.36572826117043,78,flat_lognormal
143,6,46.89561815451764,64,flat_lognormal
143,108,158.53147039598915,80,flat_lognormal
143,103,381.13822323230124,105,flat_lognormal
143,156,88.02991968172974,51,flat_lognormal
143,122,1.4943014035164777,18,flat_lognormal
143,22,370.71971067608104,104,flat_lognormal
143,175,60.38870480724982,98,flat_lognormal
143,5,26.662944573740127,55,flat_lognormal
143,142,25.677131019571746,50,flat_lognormal
143,134,72.36557905595048,54,flat_lognormal
143,70,14.022010059861168,35,flat_lognormal
143,102,105.94370859209312,126,flat_lognormal
143,8,26.706597183718408,38,flat_lognormal
143,191,7.337347846267536,22,flat_lognormal
143,64,5.840350986587322,15,flat_lognormal
143,4,2.6449396460510495,30,flat_lognormal
70,142,26.780411305712718,54,flat_lognormal
70,53,3.994262760498961,17,flat_lognormal
70,143,12.361545921422714,17,flat_lognormal
70,108,197.58506002379167,40,flat_lognormal
70,103,314.9222649554338,54,flat_lognormal
70,122,116.42341287242023,30,flat_lognormal
70,156,126.2316478028365,25,flat_lognormal
70,135,8.52784719443344,24,flat_lognormal
70,6,13.726693985853604,37,flat_lognormal
70,22,351.0693971306022,50,flat_lognormal
70,175,96.45700746888062,79,flat_lognormal
70,64,5.276766649998306,17,flat_lognormal
70,8,12.349370555353499,26,flat_lognormal
70,5,46.177012097312925,30,flat_lognormal
70,4,71.03166017844201,46,flat_lognormal
70,134,89.52879223749589,29,flat_lognormal
70,70,136.71493503438745,20,flat_lognormal
70,154,4.855905494973562,27,flat_lognormal
70,191,1.8128786016917369,16,flat_lognormal
70,102,232.45421582079447,65,flat_lognormal
142,142,335.49995485964916,137,flat_lognormal
142,53,13.372824524652692,46,flat_lognormal
142,108,246.42578921899204,96,flat_lognormal
142,103,430.23408345220827,123,flat_lognormal
142,6,27.731247128566125,77,flat_lognormal
142,122,13.203255168061194,31,flat_lognormal
142,156,292.23483175165353,65,flat_lognormal
142,64,1.2912898569063835,34,flat_lognormal
142,135,88.44340243476755,61,flat_lognormal
142,22,736.4988513930962,129,flat_lognormal
142,175,106.71452915407625,157,flat_lognormal
142,154,2.4394295942567505,45,flat_lognormal
142,143,13.640501056857826,32,flat_lognormal
142,5,227.60165761030012,76,flat_lognormal
142,8,8.221550471232831,37,flat_lognormal
142,4,12.18290502422864,57,flat_lognormal
142,70,74.38375926267409,56,flat_lognormal
142,102,641.6581563248626,167,flat_lognormal
142,134,88.88868898967063,73,flat_lognormal
142,191,28.906290993819724,43,flat_lognormal
143,53,3.5079247011609214,20,flat_lognormal
143,143,2.8444893277724104,17,flat_lognormal
143,135,1.3538943126077039,8,flat_lognormal
143,154,0.26404373195438013,17,flat_lognormal
4,135,1.5436437077274183,13,flat_lognormal
4,142,17.787171031300186,61,flat_lognormal
4,22,529.27214248396,110,flat_lognormal
4,143,8.57815383282272,14,flat_lognormal
4,108,238.65931104840246,85,flat_lognormal
4,175,65.94791054569802,119,flat_lognormal
4,156,126.62806516316566,54,flat_lognormal
4,122,163.07802038735062,58,flat_lognormal
4,103,395.7902948737204,108,flat_lognormal
4,64,9.688455226710765,20,flat_lognormal
4,6,9.97893582754845,52,flat_lognormal
4,5,29.411839378218087,64,flat_lognormal
4,4,169.05809498174003,77,flat_lognormal
4,53,6.25190692421296,24,flat_lognormal
4,70,193.72904220851896,52,flat_lognormal
4,154,36.904020309242775,79,flat_lognormal
4,8,6.282159342243203,27,flat_lognormal
4,102,194.96227851939426,139,flat_lognormal
4,134,78.93752165502828,56,flat_lognormal
4,191,0.46933604932708756,19,flat_lognormal
134,135,14.618371641269201,32,flat_lognormal
134,64,24.863441375950437,27,flat_lognormal
134,143,39.61736843927508,40,flat_lognormal
134,6,84.41246197496335,83,flat_lognormal
134,53,12.873823330230707,36,flat_lognormal
134,191,14.032022038232144,32,flat_lognormal
134,22,400.67304282318497,60,flat_lognormal
134,108,242.13408041808964,48,flat_lognormal
134,156,145.85049760739813,30,flat_lognormal
134,122,33.8900374188456,31,flat_lognormal
134,142,61.25773480290013,68,flat_lognormal
134,103,453.9490517813142,65,flat_lognormal
134,175,200.63794039710854,93,flat_lognormal
134,154,0.8110881718813215,26,flat_lognormal
134,5,69.8537335211922,36,flat_lognormal
134,4,21.69631496047213,41,flat_lognormal
134,70,80.80004320109511,30,flat_lognormal
134,8,61.2672176434528,38,flat_lognormal
134,102,260.0066887000063,75,flat_lognormal
134,134,133.42102646054005,30,flat_lognormal
64,175,26.70434021612076,63,flat_lognormal
64,156,32.06938268636917,54,flat_lognormal
64,103,232.8543704891183,110,flat_lognormal
64,6,33.812224313884734,52,flat_lognormal
64,108,67.33961489994896,65,flat_lognormal
64,22,217.77917852449687,112,flat_lognormal
64,142,2.603337781204457,14,flat_lognormal
64,143,13.217949334039785,18,flat_lognormal
64,5,8.317411800634057,23,flat_lognormal
64,134,48.525791857860625,48,flat_lognormal
64,8,18.979386998400628,23,flat_lognormal
64,64,27.174542361903395,17,flat_lognormal
64,102,33.07760853971376,90,flat_lognormal
64,191,2.122210746023301,9,flat_lognormal
64,154,0.17080277584735304,9,flat_lognormal
64,135,0.055147059088136816,1,flat_lognormal
191,175,113.46221274192814,122,flat_lognormal
191,156,92.5885132838888,59,flat_lognormal
191,142,39.054681829695575,47,flat_lognormal
191,103,240.736055410694,114,flat_lognormal
191,6,80.32384472091223,103,flat_lognormal
191,108,134.74261657273766,87,flat_lognormal
191,22,401.83042073229996,119,flat_lognormal
191,5,26.956835437109024,59,flat_lognormal
191,8,24.101177766922795,35,flat_lognormal
191,134,41.322824547635655,51,flat_lognormal
191,102,111.29672480404912,143,flat_lognormal
191,135,2.5993462632939797,13,flat_lognormal
191,191,13.292352993122211,18,flat_lognormal
191,122,9.94273005558773,20,flat_lognormal
64,53,4.595599027430375,14,flat_lognormal
64,4,0.5301006589793534,13,flat_lognormal
64,70,8.299853186274749,16,flat_lognormal
154,143,1.4111043780152293,8,flat_lognormal
191,143,1.672338286932175,12,flat_lognormal
191,64,3.6030331116184704,17,flat_lognormal
191,53,3.9082874851813494,14,flat_lognormal
191,70,8.614398401347762,25,flat_lognormal
191,154,0.729233005735323,18,flat_lognormal
191,4,5.745028771445713,20,flat_lognormal
135,122,3.146201732697448,6,flat_lognormal
64,122,2.2103402631007096,9,flat_lognormal
53,8,3.692116828978108,9,flat_lognormal
53,70,5.51036401928616,8,flat_lognormal
7,7,1108.72681839218,1465,flat_pp
7,185,8361.946207561634,3434,flat_pp
7,63,3446.0759012167728,3351,flat_pp
63,7,2277.975965921616,2711,flat_pp
63,185,12900.326561570351,3093,flat_pp
63,63,7515.844791122624,4064,flat_pp
185,7,4622.63375018868,2807,flat_pp
185,63,10537.203984590797,2964,flat_pp
185,185,12488.778278120013,1805,flat_pp
5,145,28.589706906707498,130,nested_exponential_l0
5,28,40.46431614062283,149,nested_exponential_l0
5,204,1215.196994603792,549,nested_exponential_l0
5,5,814.677364229812,568,nested_exponential_l0
5,37,799.8202977980409,699,nested_exponential_l0
5,119,27.01570921761544,178,nested_exponential_l0
5,43,3356.365563189437,849,nested_exponential_l0
5,165,294.62649234727985,318,nested_exponential_l0
5,16,162.12521711456384,281,nested_exponential_l0
16,37,336.95958356511056,403,nested_exponential_l0
16,43,1558.145749225445,582,nested_exponential_l0
16,204,598.1428889781544,364,nested_exponential_l0
16,145,3.741662955406495,63,nested_exponential_l0
16,5,238.44658118668465,305,nested_exponential_l0
16,16,88.90693127164299,140,nested_exponential_l0
16,159,2.0727779016004226,43,nested_exponential_l0
16,119,15.821752478591236,74,nested_exponential_l0
16,28,14.60480553316936,81,nested_exponential_l0
16,165,121.83497328823442,167,nested_exponential_l0
159,37,47.48397147616828,190,nested_exponential_l0
159,204,123.231317929844,208,nested_exponential_l0
159,43,735.2795809629175,345,nested_exponential_l0
159,28,203.5016728765146,149,nested_exponential_l0
159,16,1.6935372299782159,46,nested_exponential_l0
159,159,92.71543328998243,162,nested_exponential_l0
159,5,11.168964721464537,60,nested_exponential_l0
159,119,0.7426714938190909,22,nested_exponential_l0
159,165,90.85871501811023,117,nested_exponential_l0
159,145,0.7340551847512121,28,nested_exponential_l0
28,37,236.02389539724933,290,nested_exponential_l0
28,43,1600.2668465976556,363,nested_exponential_l0
28,204,507.3109956419224,250,nested_exponential_l0
28,145,1.3324898761153248,47,nested_exponential_l0
28,28,446.6391034072039,162,nested_exponential_l0
28,16,3.5131406730579906,84,nested_exponential_l0
28,5,50.44218771335043,136,nested_exponential_l0
28,119,5.715213730279633,63,nested_exponential_l0
28,159,64.19245141051181,128,nested_exponential_l0
28,165,376.9407998562871,153,nested_exponential_l0
165,37,674.3287212498191,391,nested_exponential_l0
165,43,2235.9189834113085,424,nested_exponential_l0
165,204,912.1976866050919,292,nested_exponential_l0
165,145,37.8913802419463,81,nested_exponential_l0
165,5,172.37289554797061,239,nested_exponential_l0
165,119,49.8122305610825,159,nested_exponential_l0
165,28,206.6204395595383,144,nested_exponential_l0
165,16,44.128790524020836,135,nested_exponential_l0
165,159,27.880452096876876,82,nested_exponential_l0
165,165,396.52909700938477,177,nested_exponential_l0
5,159,2.022390304890305,90,nested_exponential_l0
43,16,740.8896957648572,517,nested_exponential_l0
43,5,2587.1340411235183,833,nested_exponential_l0
43,119,943.4852476825505,398,nested_exponential_l0
43,37,3639.9091443396533,723,nested_exponential_l0
43,204,3482.1436998223858,531,nested_exponential_l0
43,43,6376.691520178137,729,nested_exponential_l0
43,28,1130.3549257704578,374,nested_exponential_l0
43,159,182.831238569953,295,nested_exponential_l0
43,145,209.07246175172764,326,nested_exponential_l0
43,165,2035.9922397213022,410,nested_exponential_l0
37,119,548.5737829271601,335,nested_exponential_l0
37,37,2166.2688838933414,638,nested_exponential_l0
37,204,1872.675540511403,479,nested_exponential_l0
37,43,4012.433634984942,687,nested_exponential_l0
37,16,87.4803489378856,252,nested_exponential_l0
37,145,2.805861445461089,140,nested_exponential_l0
37,5,300.6276537980135,453,nested_exponential_l0
37,28,113.8119205934097,228,nested_exponential_l0
37,159,3.578200117731866,131,nested_exponential_l0
37,165,646.83800062451,343,nested_exponential_l0
204,43,3466.7586031262385,510,nested_exponential_l0
204,119,316.5399568545843,248,nested_exponential_l0
204,145,13.999345914892329,147,nested_exponential_l0
204,37,1771.023105713718,481,nested_exponential_l0
204,204,1693.0818686762818,336,nested_exponential_l0
204,5,661.7387444185881,461,nested_exponential_l0
204,16,223.21396660899202,283,nested_exponential_l0
204,28,247.68098369159776,220,nested_exponential_l0
204,159,15.180761388453877,152,nested_exponential_l0
204,165,783.3266681667368,262,nested_exponential_l0
145,5,89.46693874081694,103,nested_exponential_l0
145,119,0.8454204648969638,16,nested_exponential_l0
145,43,621.8495866991976,417,nested_exponential_l0
145,204,81.05298935892438,174,nested_exponential_l0
145,37,25.60601858023943,130,nested_exponential_l0
145,165,57.021963930825336,81,nested_exponential_l0
145,145,15.838256472185037,27,nested_exponential_l0
145,16,6.199377467521354,29,nested_exponential_l0
145,159,0.5316699182325781,17,nested_exponential_l0
145,28,2.645617027313451,36,nested_exponential_l0
119,119,252.55245220251877,155,nested_exponential_l0
119,43,1372.7787187739068,368,nested_exponential_l0
119,204,473.6963673520038,239,nested_exponential_l0
119,5,24.475704731560125,114,nested_exponential_l0
119,37,771.0347020651759,333,nested_exponential_l0
119,28,10.865388073571653,64,nested_exponential_l0
119,145,0.45867345980083596,59,nested_exponential_l0
119,159,2.7370677084389348,52,nested_exponential_l0
119,16,15.039513081683248,79,nested_exponential_l0
119,165,81.62430592632204,119,nested_exponential_l0
6,7,7423.753023494906,2800,nested_exponential_l1
6,4,3922.1621826917317,1861,nested_exponential_l1
6,6,5524.704562658871,2587,nested_exponential_l1
6,5,2946.5215393363233,1245,nested_exponential_l1
7,6,6471.7400647623635,2626,nested_exponential_l1
7,4,4262.312495389715,1819,nested_exponential_l1
7,7,7968.722106526895,2635,nested_exponential_l1
7,5,3276.721000148923,1228,nested_exponential_l1
4,5,1940.4151770969056,824,nested_exponential_l1
4,6,3723.607285156605,1722,nested_exponential_l1
4,4,2450.5113220489766,1203,nested_exponential_l1
4,7,4774.225136045799,1803,nested_exponential_l1
5,4,1662.9810623523126,733,nested_exponential_l1
5,6,2478.6489003642396,1051,nested_exponential_l1
5,7,3202.751386779125,1091,nested_exponential_l1
5,5,1229.7350138309591,466,nested_exponential_l1
0,0,63259.5122586847,25694,nested_exponential_l2
0,0,63259.5122586847,25694,nested_exponential_l3
0,0,63259.5122586847,25694,nested_exponential_l4
0,0,63259.5122586847,25694,nested_exponential_l5
0,0,63259.5122586847,25694,nested_exponential_l6
0,0,63259.5122586847,25694,nested_exponential_l7
0,0,63259.5122586847,25694,nested_exponential_l8
148,119,35.04289788992,122,nested_lognormal_l0
148,158,82.7017519908151,203,nested_lognormal_l0
148,98,355.730470132954,160,nested_lognormal_l0
148,148,410.17428158224544,301,nested_lognormal_l0
148,161,426.5379937484551,317,nested_lognormal_l0
148,50,663.8425870831971,269,nested_lognormal_l0
148,129,30.58230710598982,133,nested_lognormal_l0
148,123,143.6171426120815,195,nested_lognormal_l0
148,190,1003.437408788616,265,nested_lognormal_l0
148,68,189.3576494683205,183,nested_lognormal_l0
148,137,381.956874424,280,nested_lognormal_l0
148,15,997.9907630481805,208,nested_lognormal_l0
119,158,16.988908816070794,48,nested_lognormal_l0
119,190,246.96214228240783,221,nested_lognormal_l0
119,98,53.800566315774965,130,nested_lognormal_l0
119,15,254.84688232910167,196,nested_lognormal_l0
119,119,10.573443610655188,43,nested_lognormal_l0
119,161,9.404208028608892,60,nested_lognormal_l0
119,123,9.258348767163161,42,nested_lognormal_l0
119,50,89.22278285904945,121,nested_lognormal_l0
119,129,37.195681778506746,65,nested_lognormal_l0
119,148,29.22229227123039,44,nested_lognormal_l0
119,150,11.334332656063477,31,nested_lognormal_l0
119,68,11.558118466271118,54,nested_lognormal_l0
119,137,59.05532475754336,84,nested_lognormal_l0
150,158,91.55395809091068,106,nested_lognormal_l0
150,98,64.88893316086303,96,nested_lognormal_l0
150,190,217.46468744850947,120,nested_lognormal_l0
150,50,86.3159862002918,118,nested_lognormal_l0
150,148,1.940492822805644,31,nested_lognormal_l0
150,150,53.049390689969265,93,nested_lognormal_l0
150,129,71.58144099454644,82,nested_lognormal_l0
150,161,17.61026511020716,49,nested_lognormal_l0
150,123,1.2263676755992854,31,nested_lognormal_l0
150,137,57.4776847496314,85,nested_lognormal_l0
150,68,9.416305055508627,86,nested_lognormal_l0
150,119,7.441255367506295,36,nested_lognormal_l0
150,15,322.11660102381353,118,nested_lognormal_l0
148,150,10.902882259325338,42,nested_lognormal_l0
158,158,432.4911923409952,251,nested_lognormal_l0
158,190,992.3071777805286,243,nested_lognormal_l0
158,98,561.1016154089133,160,nested_lognormal_l0
158,119,21.72816654989593,119,nested_lognormal_l0
158,50,669.5808707134845,257,nested_lognormal_l0
158,129,220.29798951092087,204,nested_lognormal_l0
158,123,33.52526721123871,122,nested_lognormal_l0
158,148,27.083083091750243,110,nested_lognormal_l0
158,150,23.482238813063898,83,nested_lognormal_l0
158,15,1114.458306875254,200,nested_lognormal_l0
158,137,484.40290885627735,258,nested_lognormal_l0
158,68,391.5457508624991,180,nested_lognormal_l0
158,161,167.7039035714091,236,nested_lognormal_l0
190,129,464.82189115581247,288,nested_lognormal_l0
190,161,899.8629214859372,246,nested_lognormal_l0
190,50,1142.4534116406933,182,nested_lognormal_l0
190,15,1207.4078933778526,140,nested_lognormal_l0
190,98,720.2997682989054,112,nested_lognormal_l0
190,123,325.9186803871621,242,nested_lognormal_l0
190,158,808.0766781119329,276,nested_lognormal_l0
190,150,24.445239766430053,90,nested_lognormal_l0
190,119,108.94346658892725,185,nested_lognormal_l0
190,190,1476.5966785232076,169,nested_lognormal_l0
190,148,797.0407008880935,270,nested_lognormal_l0
190,137,1074.3503619116887,194,nested_lognormal_l0
190,68,511.4356421791181,126,nested_lognormal_l0
15,129,593.582253612292,221,nested_lognormal_l0
15,161,976.3357229506053,180,nested_lognormal_l0
15,148,798.6899760462334,216,nested_lognormal_l0
15,50,1037.296913372303,130,nested_lognormal_l0
15,15,941.540299707294,90,nested_lognormal_l0
15,98,710.6020364970283,80,nested_lognormal_l0
15,158,971.5328763446634,200,nested_lognormal_l0
15,123,391.4179090087352,211,nested_lognormal_l0
15,150,66.13566980365792,101,nested_lognormal_l0
15,119,133.90933185592152,149,nested_lognormal_l0
15,190,1150.9675092320447,130,nested_lognormal_l0
15,137,909.2211323361097,140,nested_lognormal_l0
15,68,610.9629483567678,90,nested_lognormal_l0
161,123,143.24007408977434,205,nested_lognormal_l0
161,158,283.28743661183734,296,nested_lognormal_l0
161,98,566.5938945510619,144,nested_lognormal_l0
161,190,1163.656541028357,225,nested_lognormal_l0
161,129,74.87501694614876,179,nested_lognormal_l0
161,161,500.00065659625983,281,nested_lognormal_l0
161,15,1152.7183195897614,179,nested_lognormal_l0
161,119,23.756601729840362,115,nested_lognormal_l0
161,50,904.0343091904346,229,nested_lognormal_l0
161,148,325.65548061219124,258,nested_lognormal_l0
161,68,427.5741905806601,162,nested_lognormal_l0
161,137,619.1393295312605,247,nested_lognormal_l0
161,150,4.951426070050969,66,nested_lognormal_l0
98,150,11.614514870614846,57,nested_lognormal_l0
98,123,43.501242941102014,114,nested_lognormal_l0
98,98,435.28418824195904,56,nested_lognormal_l0
98,129,103.83397451540384,136,nested_lognormal_l0
98,161,276.59285393931435,138,nested_lognormal_l0
98,15,702.3905222527945,80,nested_lognormal_l0
98,119,27.359692761590185,103,nested_lognormal_l0
98,190,647.4751112899519,104,nested_lognormal_l0
98,158,356.0792292971451,157,nested_lognormal_l0
98,50,583.7575889866955,104,nested_lognormal_l0
98,148,111.10349773421642,128,nested_lognormal_l0
98,68,438.1244881674722,72,nested_lognormal_l0
98,137,383.8723521461951,112,nested_lognormal_l0
123,161,267.2715587421305,241,nested_lognormal_l0
123,50,407.00529372677187,280,nested_lognormal_l0
123,15,842.5758013657373,235,nested_lognormal_l0
123,98,229.8629815534198,182,nested_lognormal_l0
123,158,65.39628131663851,139,nested_lognormal_l0
123,148,171.66047599197935,204,nested_lognormal_l0
123,190,675.2245757367131,279,nested_lognormal_l0
123,123,46.858576684513025,85,nested_lognormal_l0
123,119,12.713483979679754,58,nested_lognormal_l0
123,129,11.642498627720034,75,nested_lognormal_l0
123,137,191.2760837273304,221,nested_lognormal_l0
123,68,115.41549774640374,187,nested_lognormal_l0
123,150,1.0716551802015017,29,nested_lognormal_l0
68,161,183.51297579721705,142,nested_lognormal_l0
68,98,456.6071546856807,72,nested_lognormal_l0
68,50,476.5561338820613,117,nested_lognormal_l0
68,15,643.9375638315961,90,nested_lognormal_l0
68,158,286.2798059740062,161,nested_lognormal_l0
68,148,56.941833587692074,87,nested_lognormal_l0
68,123,19.32588725110309,85,nested_lognormal_l0
68,190,513.4683222413584,113,nested_lognormal_l0
68,129,65.52205648723515,116,nested_lognormal_l0
68,119,19.222866438733302,68,nested_lognormal_l0
68,68,359.5036962276418,72,nested_lognormal_l0
68,137,204.80452272598953,123,nested_lognormal_l0
68,150,2.6695917237838738,39,nested_lognormal_l0
137,98,485.7593392886125,112,nested_lognormal_l0
137,158,355.9304436986212,255,nested_lognormal_l0
137,123,76.85231813062596,127,nested_lognormal_l0
137,190,1105.3460491578198,177,nested_lognormal_l0
137,50,752.3975773484761,177,nested_lognormal_l0
137,15,949.3495075810573,140,nested_lognormal_l0
137,161,377.5338210749627,227,nested_lognormal_l0
137,119,34.180503928974645,99,nested_lognormal_l0
137,148,146.15558810886944,179,nested_lognormal_l0
137,129,102.1151538874228,181,nested_lognormal_l0
137,68,276.8217203825171,126,nested_lognormal_l0
137,137,610.7559187899748,182,nested_lognormal_l0
137,150,7.084570343119138,52,nested_lognormal_l0
50,98,688.6108041490666,104,nested_lognormal_l0
50,129,198.96952457766383,210,nested_lognormal_l0
50,119,64.59484083425139,122,nested_lognormal_l0
50,158,586.4026841795139,254,nested_lognormal_l0
50,123,146.21761930954898,190,nested_lognormal_l0
50,190,1123.5320466582725,167,nested_lognormal_l0
50,161,641.9219543527013,222,nested_lognormal_l0
50,148,366.8687716785544,234,nested_lognormal_l0
50,15,1085.4672134371883,130,nested_lognormal_l0
50,50,845.8440641251774,154,nested_lognormal_l0
50,150,8.720677318152882,81,nested_lognormal_l0
50,68,558.1947514893959,116,nested_lognormal_l0
50,137,729.9423521589265,177,nested_lognormal_l0
129,119,25.752593136021503,96,nested_lognormal_l0
129,98,338.9779903451407,184,nested_lognormal_l0
129,50,398.1818538616613,269,nested_lognormal_l0
129,129,140.82628996252802,154,nested_lognormal_l0
129,158,342.8241424689626,223,nested_lognormal_l0
129,15,951.1694826102004,229,nested_lognormal_l0
129,123,16.219352060967427,81,nested_lognormal_l0
129,68,192.1765023204657,193,nested_lognormal_l0
129,148,24.886833083531094,96,nested_lognormal_l0
129,190,856.5521647985709,261,nested_lognormal_l0
129,161,92.27024118115818,194,nested_lognormal_l0
129,150,30.29579588188691,93,nested_lognormal_l0
129,137,320.0716949902833,230,nested_lognormal_l0
10,10,9389.677872622739,3861,nested_lognormal_l1
10,9,4863.723310007509,1956,nested_lognormal_l1
10,0,7739.924905391959,2962,nested_lognormal_l1
10,5,2708.5895642800488,1226,nested_lognormal_l1
9,9,2353.9412929211117,955,nested_lognormal_l1
9,10,4822.285766878852,2001,nested_lognormal_l1
9,5,1385.6701390058438,625,nested_lognormal_l1
9,0,3930.9376236745015,1540,nested_lognormal_l1
0,9,3675.7557783106595,1469,nested_lognormal_l1
0,10,7340.463228888787,2902,nested_lognormal_l1
0,0,5916.907554192343,2164,nested_lognormal_l1
0,5,2158.3855919021853,923,nested_lognormal_l1
5,9,1395.657277368606,606,nested_lognormal_l1
5,10,2647.3747140331407,1216,nested_lognormal_l1
5,0,2215.8653153242813,936,nested_lognormal_l1
5,5,714.3523238820338,352,nested_lognormal_l1
0,0,63259.5122586847,25694,nested_lognormal_l2
0,0,63259.5122586847,25694,nested_lognormal_l3
0,0,63259.5122586847,25694,nested_lognormal_l4
0,0,63259.5122586847,25694,nested_lognormal_l5
0,0,63259.5122586847,25694,nested_lognormal_l6
0,0,63259.5122586847,25694,nested_lognormal_l7
0,0,63259.5122586847,25694,nested_lognormal_l8
