country_name,level_0_block_id,level_1_block_id,level_2_block_id,level_3_block_id,level_4_block_id,level_5_block_id,level_6_block_id,level_7_block_id,level_8_block_id
"Palau, Republic of",152,7,0,0,0,0,0,0,0
"Iran, Islamic Republic of",139,6,0,0,0,0,0,0,0
American Samoa,152,7,0,0,0,0,0,0,0
Thailand,189,3,0,0,0,0,0,0,0
Maldives,26,7,0,0,0,0,0,0,0
"San Marino, Republic of",65,3,0,0,0,0,0,0,0
Guam,152,7,0,0,0,0,0,0,0
Ghana,163,0,0,0,0,0,0,0,0
"Poland, Republic of",70,7,0,0,0,0,0,0,0
"Congo, Democratic Republic of the",163,7,0,0,0,0,0,0,0
"Fiji, Republic of",26,7,0,0,0,0,0,0,0
"Kosovo, Republic of",154,3,0,0,0,0,0,0,0
"Yemen, Republic of",65,7,0,0,0,0,0,0,0
"Anguilla, United Kingdom-British Overseas Territory",152,7,0,0,0,0,0,0,0
Spain,70,7,0,0,0,0,0,0,0
"Curaçao, Kingdom of the Netherlands",152,6,0,0,0,0,0,0,0
Kyrgyz Republic,154,7,0,0,0,0,0,0,0
Guinea-Bissau,65,6,0,0,0,0,0,0,0
Seychelles,65,3,0,0,0,0,0,0,0
Liberia,65,0,0,0,0,0,0,0,0
"Uzbekistan, Republic of",139,0,0,0,0,0,0,0,0
Denmark,114,7,0,0,0,0,0,0,0
Sweden,114,7,0,0,0,0,0,0,0
Chad,26,7,0,0,0,0,0,0,0
Saudi Arabia,114,0,0,0,0,0,0,0,0
Dominican Republic,136,7,0,0,0,0,0,0,0
Australia,189,6,0,0,0,0,0,0,0
Lao People's Democratic Republic,26,7,0,0,0,0,0,0,0
Djibouti,65,3,0,0,0,0,0,0,0
Malaysia,189,3,0,0,0,0,0,0,0
"Nauru, Republic of",152,7,0,0,0,0,0,0,0
Costa Rica,136,7,0,0,0,0,0,0,0
Algeria,203,3,0,0,0,0,0,0,0
"Eritrea, The State of",26,7,0,0,0,0,0,0,0
Georgia,139,7,0,0,0,0,0,0,0
South Africa,114,0,0,0,0,0,0,0,0
"Moldova, Republic of",154,7,0,0,0,0,0,0,0
Senegal,163,7,0,0,0,0,0,0,0
Mali,163,6,0,0,0,0,0,0,0
Canada,189,6,0,0,0,0,0,0,0
Jamaica,136,7,0,0,0,0,0,0,0
Guinea,65,3,0,0,0,0,0,0,0
"Hong Kong Special Administrative Region, People's Republic of China",189,7,0,0,0,0,0,0,0
El Salvador,136,6,0,0,0,0,0,0,0
Malawi,65,7,0,0,0,0,0,0,0
Greenland,65,7,0,0,0,0,0,0,0
"Sint Maarten, Kingdom of the Netherlands",152,6,0,0,0,0,0,0,0
"Equatorial Guinea, Republic of",163,0,0,0,0,0,0,0,0
Lebanon,139,7,0,0,0,0,0,0,0
Iceland,163,3,0,0,0,0,0,0,0
"Tanzania, United Republic of",139,3,0,0,0,0,0,0,0
"Marshall Islands, Republic of the",65,7,0,0,0,0,0,0,0
"Micronesia, Federated States of",26,0,0,0,0,0,0,0,0
"Estonia, Republic of",203,6,0,0,0,0,0,0,0
Indonesia,189,6,0,0,0,0,0,0,0
Rwanda,65,7,0,0,0,0,0,0,0
Grenada,152,3,0,0,0,0,0,0,0
St. Kitts and Nevis,152,6,0,0,0,0,0,0,0
Pakistan,203,7,0,0,0,0,0,0,0
Samoa,152,6,0,0,0,0,0,0,0
United States,70,6,0,0,0,0,0,0,0
"Ethiopia, The Federal Democratic Republic of",163,3,0,0,0,0,0,0,0
United Kingdom,70,0,0,0,0,0,0,0,0
Angola,163,7,0,0,0,0,0,0,0
Sierra Leone,65,7,0,0,0,0,0,0,0
"Egypt, Arab Republic of",114,7,0,0,0,0,0,0,0
Tuvalu,152,0,0,0,0,0,0,0,0
"Azerbaijan, Republic of",154,6,0,0,0,0,0,0,0
Argentina,90,7,0,0,0,0,0,0,0
Italy,70,0,0,0,0,0,0,0,0
St. Lucia,152,3,0,0,0,0,0,0,0
Ecuador,90,6,0,0,0,0,0,0,0
Mauritius,139,3,0,0,0,0,0,0,0
Bhutan,65,7,0,0,0,0,0,0,0
Vietnam,189,7,0,0,0,0,0,0,0
Russian Federation,189,7,0,0,0,0,0,0,0
Cambodia,90,7,0,0,0,0,0,0,0
Ukraine,203,7,0,0,0,0,0,0,0
Suriname,152,6,0,0,0,0,0,0,0
"Croatia, Republic of",139,7,0,0,0,0,0,0,0
"Korea, Democratic People's Republic of",136,6,0,0,0,0,0,0,0
Philippines,90,7,0,0,0,0,0,0,0
Mongolia,65,6,0,0,0,0,0,0,0
Morocco,114,6,0,0,0,0,0,0,0
Norway,114,6,0,0,0,0,0,0,0
Cyprus,139,0,0,0,0,0,0,0,0
Haiti,152,7,0,0,0,0,0,0,0
Honduras,136,6,0,0,0,0,0,0,0
Botswana,65,7,0,0,0,0,0,0,0
Colombia,90,3,0,0,0,0,0,0,0
"South Sudan, Republic of",26,7,0,0,0,0,0,0,0
"Timor-Leste, Democratic Republic of",152,3,0,0,0,0,0,0,0
Holy See,152,7,0,0,0,0,0,0,0
Vanuatu,152,6,0,0,0,0,0,0,0
Belize,26,7,0,0,0,0,0,0,0
"Madagascar, Republic of",154,6,0,0,0,0,0,0,0
Solomon Islands,152,3,0,0,0,0,0,0,0
United Arab Emirates,70,6,0,0,0,0,0,0,0
Portugal,114,7,0,0,0,0,0,0,0
Bermuda,26,0,0,0,0,0,0,0,0
Turkmenistan,154,3,0,0,0,0,0,0,0
Panama,136,6,0,0,0,0,0,0,0
"Afghanistan, Islamic Republic of",154,7,0,0,0,0,0,0,0
"Gambia, The",65,3,0,0,0,0,0,0,0
"Türkiye, Republic of",70,7,0,0,0,0,0,0,0
Iraq,139,6,0,0,0,0,0,0,0
"Venezuela, República Bolivariana de",136,7,0,0,0,0,0,0,0
Somalia,65,3,0,0,0,0,0,0,0
French Polynesia,152,6,0,0,0,0,0,0,0
"Mauritania, Islamic Republic of",163,6,0,0,0,0,0,0,0
"Lesotho, Kingdom of",26,7,0,0,0,0,0,0,0
Bulgaria,114,3,0,0,0,0,0,0,0
Mexico,189,7,0,0,0,0,0,0,0
"São Tomé and Príncipe, Democratic Republic of",152,7,0,0,0,0,0,0,0
Côte d'Ivoire,203,0,0,0,0,0,0,0,0
"North Macedonia, Republic of",154,0,0,0,0,0,0,0,0
Burundi,65,0,0,0,0,0,0,0,0
Finland,114,0,0,0,0,0,0,0,0
Peru,90,7,0,0,0,0,0,0,0
Barbados,26,3,0,0,0,0,0,0,0
Bolivia,136,7,0,0,0,0,0,0,0
Japan,189,6,0,0,0,0,0,0,0
Myanmar,136,0,0,0,0,0,0,0,0
Gabon,163,6,0,0,0,0,0,0,0
Kenya,139,3,0,0,0,0,0,0,0
Guatemala,136,3,0,0,0,0,0,0,0
Bangladesh,90,7,0,0,0,0,0,0,0
Tunisia,139,0,0,0,0,0,0,0,0
France,70,7,0,0,0,0,0,0,0
Uganda,65,7,0,0,0,0,0,0,0
Namibia,163,7,0,0,0,0,0,0,0
Jordan,139,7,0,0,0,0,0,0,0
"Congo, Republic of",163,7,0,0,0,0,0,0,0
Niger,65,7,0,0,0,0,0,0,0
"Aruba, Kingdom of the Netherlands",152,7,0,0,0,0,0,0,0
Czech Republic,114,3,0,0,0,0,0,0,0
Malta,139,7,0,0,0,0,0,0,0
India,70,7,0,0,0,0,0,0,0
"Eswatini, Kingdom of",65,6,0,0,0,0,0,0,0
Gibraltar,65,7,0,0,0,0,0,0,0
"Montserrat, United Kingdom-British Overseas Territory",152,7,0,0,0,0,0,0,0
"Korea, Republic of",189,0,0,0,0,0,0,0,0
Slovak Republic,203,3,0,0,0,0,0,0,0
Libya,203,7,0,0,0,0,0,0,0
Albania,154,7,0,0,0,0,0,0,0
West Bank and Gaza,65,6,0,0,0,0,0,0,0
St. Vincent and the Grenadines,152,7,0,0,0,0,0,0,0
"Latvia, Republic of",203,0,0,0,0,0,0,0,0
Trinidad and Tobago,136,6,0,0,0,0,0,0,0
Brunei Darussalam,26,3,0,0,0,0,0,0,0
Sudan,65,7,0,0,0,0,0,0,0
Montenegro,154,0,0,0,0,0,0,0,0
Chile,90,6,0,0,0,0,0,0,0
"Comoros, Union of the",154,6,0,0,0,0,0,0,0
"Lithuania, Republic of",203,7,0,0,0,0,0,0,0
"Belarus, Republic of",139,7,0,0,0,0,0,0,0
Brazil,189,7,0,0,0,0,0,0,0
Burkina Faso,65,7,0,0,0,0,0,0,0
Germany,70,0,0,0,0,0,0,0,0
Benin,65,7,0,0,0,0,0,0,0
"Mozambique, Republic of",163,0,0,0,0,0,0,0,0
Cuba,136,6,0,0,0,0,0,0,0
Central African Republic,26,7,0,0,0,0,0,0,0
Ireland,114,7,0,0,0,0,0,0,0
Hungary,203,0,0,0,0,0,0,0,0
Cabo Verde,65,7,0,0,0,0,0,0,0
Belgium,70,7,0,0,0,0,0,0,0
Zambia,65,0,0,0,0,0,0,0,0
Greece,114,7,0,0,0,0,0,0,0
Israel,114,3,0,0,0,0,0,0,0
Nepal,154,7,0,0,0,0,0,0,0
Luxembourg,203,7,0,0,0,0,0,0,0
"Slovenia, Republic of",203,0,0,0,0,0,0,0,0
Sri Lanka,90,7,0,0,0,0,0,0,0
Faroe Islands,65,0,0,0,0,0,0,0,0
Paraguay,136,7,0,0,0,0,0,0,0
Bosnia and Herzegovina,154,7,0,0,0,0,0,0,0
"Bahrain, Kingdom of",203,7,0,0,0,0,0,0,0
Kuwait,139,6,0,0,0,0,0,0,0
Zimbabwe,65,6,0,0,0,0,0,0,0
Nigeria,203,7,0,0,0,0,0,0,0
New Zealand,90,6,0,0,0,0,0,0,0
"Serbia, Republic of",203,7,0,0,0,0,0,0,0
Uruguay,136,3,0,0,0,0,0,0,0
Falkland Islands (Malvinas),65,6,0,0,0,0,0,0,0
Switzerland,189,7,0,0,0,0,0,0,0
"Kazakhstan, Republic of",203,7,0,0,0,0,0,0,0
"Macao Special Administrative Region, People's Republic of China",26,6,0,0,0,0,0,0,0
"Netherlands, The",70,6,0,0,0,0,0,0,0
Papua New Guinea,26,3,0,0,0,0,0,0,0
Antigua and Barbuda,152,7,0,0,0,0,0,0,0
New Caledonia,26,0,0,0,0,0,0,0,0
"Bahamas, The",65,0,0,0,0,0,0,0,0
Dominica,152,7,0,0,0,0,0,0,0
Oman,203,7,0,0,0,0,0,0,0
Tonga,152,0,0,0,0,0,0,0,0
Qatar,203,7,0,0,0,0,0,0,0
Austria,114,3,0,0,0,0,0,0,0
"China, People's Republic of",70,7,0,0,0,0,0,0,0
Other Countries n.i.e.,136,6,0,0,0,0,0,0,0
Cameroon,163,0,0,0,0,0,0,0,0
Guyana,26,7,0,0,0,0,0,0,0
"Tajikistan, Republic of",154,7,0,0,0,0,0,0,0
Middle East,70,0,0,0,0,0,0,0,0
Syrian Arab Republic,65,7,0,0,0,0,0,0,0
Africa,70,0,0,0,0,0,0,0,0
Kiribati,152,6,0,0,0,0,0,0,0
Nicaragua,136,7,0,0,0,0,0,0,0
Singapore,189,6,0,0,0,0,0,0,0
Togo,163,7,0,0,0,0,0,0,0
"Armenia, Republic of",154,7,0,0,0,0,0,0,0
Africa not specified,26,7,0,0,0,0,0,0,0
Taiwan Province of China,189,7,0,0,0,0,0,0,0
Asia not specified,26,3,0,0,0,0,0,0,0
Western Hemisphere not specified,90,6,0,0,0,0,0,0,0
Europe not specified,26,7,0,0,0,0,0,0,0
Special Categories,189,6,0,0,0,0,0,0,0
Countries & Areas not specified,189,6,0,0,0,0,0,0,0
Middle East and Central Asia not specified,26,7,0,0,0,0,0,0,0
